0
1
2
3
4
10
11
12
14
15
16
17
18
21
22
23
24
27
28
29
30
31
32
33
34
35
38
40
44
48
52
53
57
59
60
61
62
63
64
65
67
69
72
73
76
79
80
82
84
85
86
87
88
92
94
95
98
99
100
101
103
104
107
108
110
111
112
115
117
119
121
123
124
125
126
130
131
132
134
138
140
147
149
150
151
152
153
155
158
162
165
166
169
170
172
174
175
176
177
178
180
181
183
184
185
186
187
190
191
192
193
196
197
198
199
200
201
203
208
209
212
215
216
217
218
221
224
227
228
230
234
237
238
239
241
242
243
244
245
246
247
249
251
252
253
254
258
259
264
265
268
271
273
277
279
280
281
282
283
284
285
286
287
290
292
293
295
296
304
307
308
309
312
313
314
317
319
321
322
323
325
327
328
330
335
336
337
339
343
344
347
348
351
352
353
359
365
366
367
368
369
370
375
376
381
383
384
385
387
389
391
392
394
395
397
399
400
402
403
405
407
412
415
417
418
419
420
421
422
423
425
426
427
429
432
441
443
444
445
448
449
451
452
453
455
457
458
460
461
462
469
473
477
480
481
482
483
484
489
495
499
500
502
504
508
510
514
517
521
522
523
526
528
530
533
534
535
541
542
551
553
558
561
562
568
574
579
584
590
591
596
603
606
608
612
615
618
620
624
626
632
636
638
640
641
644
645
646
651
653
655
657
660
663
669
670
674
678
679
680
685
688
690
692
695
698
703
706
708
710
711
719
721
723
725
727
731
732
733
735
736
738
739
740
741
743
744
752
754
757
764
765
766
768
771
775
776
780
781
782
783
784
785
788
789
790
791
792
794
795
796
797
798
799
800
802
803
804
805
806
807
808
809
810
812
814
815
816
817
818
819
820
821
822
825
826
829
831
839
840
841
844
847
848
849
850
851
852
853
854
856
857
861
864
866
867
868
869
871
872
873
874
875
878
879
880
882
884
885
887
888
890
892
893
894
895
896
899
903
905
906
909
915
916
917
919
921
923
927
931
932
933
937
938
940
941
946
948
949
950
951
967
969
970
971
972
974
977
978
979
980
986
988
990
992
1000
1001
1003
1005
1007
1009
1014
1015
1016
1021
1022
1023
1024
1025
1026
1027
1030
1031
1032
1034
1037
1040
1041
1042
1043
1046
1047
1048
1049
1050
1051
1053
1054
1055
1056
1062
1067
1068
1069
1073
1074
1075
1081
1083
1086
1088
1090
1092
1093
1094
1095
1096
1097
1098
1101
1102
1103
1106
1108
1111
1112
1117
1118
1119
1120
1121
1124
1125
1126
1128
1134
1135
1136
1138
1139
1140
1142
1143
1144
1145
1146
1150
1151
1154
1155
1157
1158
1161
1166
1168
1169
1172
1173
1174
1175
1181
1186
1188
1191
1194
1196
1197
1201
1204
1206
1209
1212
1213
1214
1215
1216
1217
1218
1220
1221
1223
1226
1229
1234
1236
1239
1242
1245
1249
1250
1258
1261
1262
1265
1266
1269
1271
1276
1277
1284
1285
1295
1296
1298
1299
1300
1302
1305
1306
1307
1309
1311
1313
1314
1318
1320
1322
1324
1325
1326
1327
1328
1329
1330
1331
1332
1333
1334
1335
1336
1337
1338
1342
1344
1350
1351
1353
1354
1356
1357
1358
1359
1360
1364
1365
1367
1370
1371
1372
1374
1376
1378
1381
1383
1385
1386
1388
1391
1392
1393
1394
1396
1397
1398
1399
1402
1403
1405
1406
1407
1408
1409
1410
1411
1414
1415
1416
1417
1418
1419
1420
1422
1424
1425
1426
1427
1429
1431
1432
1435
1436
1438
1439
1442
1443
1445
1446
1447
1451
1454
1456
1457
1459
1460
1461
1462
1463
1467
1468
1469
1471
1474
1477
1479
1480
1482
1484
1486
1488
1489
1491
1492
1493
1495
1497
1502
1504
1505
1507
1508
1509
1510
1511
1512
1516
1517
1518
1520
1523
1526
1530
1534
1535
1537
1541
1543
1544
1547
1548
1554
1556
1558
1559
1561
1562
1563
1565
1566
1567
1568
1569
1580
1581
1583
1584
1585
1586
1589
1590
1591
1593
1595
1596
1599
1600
1602
1604
1605
1606
1607
1608
1611
1612
1615
1616
1617
1620
1621
1623
1624
1625
1626
1627
1629
1631
1632
1633
1637
1638
1640
1642
1645
1646
1649
1651
1652
1654
1655
1656
1660
1661
1662
1664
1665
1666
1667
1669
1670
1671
1672
1673
1675
1676
1677
1678
1679
1681
1684
1685
1686
1687
1688
1693
1694
1698
1701
1702
1705
1706
1708
1709
1711
1712
1715
1717
1718
1720
1721
1722
1723
1724
1726
1727
1728
1729
1730
1734
1737
1738
1739
1750
1752
1753
1754
1755
1756
1758
1762
1764
1765
1766
1767
1769
1770
1771
1772
1774
1777
1778
1780
1782
1788
1789
1790
1793
1795
1798
1800
1802
1803
1804
1806
1812
1815
1816
1817
1819
1820
1821
1822
1824
1831
1832
1834
1835
1836
1837
1838
1840
1841
1843
1846
1847
1849
1850
1851
1852
1855
1856
1859
1860
1861
1862
1864
1867
1868
1875
1877
1880
1881
1882
1887
1889
1896
1900
1903
1905
1907
1908
1909
1912
1916
1918
1920
1923
1925
1926
1928
1929
1930
1931
1936
1937
1940
1943
1944
1946
1947
1951
1953
1956
1958
1960
1961
1965
1966
1968
1980
1981
1997
1999
2000
2001
2002
2004
2009
2017
2018
2019
2022
2023
2024
2026
2028
2033
2035
2042
2059
2063
2065
2067
2079
2085
2086
2088
2106
2110
2111
2113
2115
2118
2119
2120
2129
2135
2139
2140
2141
2144
2145
2147
2149
2152
2153
2154
2155
2156
2158
2159
2160
2164
2165
2166
2168
2170
2172
2173
2176
2179
2180
2184
2186
2187
2191
2192
2193
2197
2204
2205
2206
2210
2212
2216
2217
2218
2219
2223
2224
2226
2227
2230
2234
2239
2241
2242
2246
2247
2249
2250
2260
2263
2267
2269
2270
2271
2275
2276
2277
2283
2284
2285
2286
2288
2289
2291
2292
2297
2302
2305
2308
2309
2316
2321
2322
2324
2326
2332
2336
2340
2342
2343
2344
2346
2349
2350
2356
2357
2358
2366
2368
2371
2372
2373
2376
2380
2382
2388
2396
2398
2400
2404
2405
2406
2407
2409
2413
2414
2415
2418
2419
2422
2427
2428
2430
2432
2433
2435
2438
2439
2440
2443
2446
2449
2453
2456
2460
2461
2462
2463
2469
2471
2472
2474
2480
2482
2483
2484
2485
2486
2489
2490
2491
2492
2494
2501
2502
2504
2506
2507
2508
2509
2511
2512
2513
2525
2527
2529
2530
2531
2537
2540
2545
2546
2550
2553
2554
2556
2564
2566
2567
2568
2571
2572
2577
2580
2583
2584
2586
2587
2589
2590
2592
2593
2595
2596
2597
2598
2599
2600
2602
2609
2612
2613
2614
2615
2616
2620
2622
2624
2628
2635
2637
2639
2640
2641
2645
2647
2648
2651
2652
2658
2659
2660
2662
2663
2664
2668
2669
2671
2672
2677
2681
2684
2687
2689
2691
2696
2701
2705
2706
2713
2714
2716
2717
2718
2719
2721
2725
2731
2732
2733
2734
2735
2736
2738
2739
2740
2741
2743
2746
2747
2749
2750
2751
2753
2754
2756
2758
2760
2762
2764
2765
2766
2767
2769
2771
2772
2775
2778
2779
2781
2782
2783
2784
2786
2787
2790
2797
2800
2804
2807
2811
2813
2816
2817
2818
2819
2820
2823
2826
2828
2832
2833
2835
2839
2841
2843
2846
2849
2851
2852
2862
2864
2867
2868
2869
2870
2871
2872
2873
2874
2876
2877
2878
2880
2884
2886
2887
2888
2889
2890
2891
2892
2893
2894
2895
2896
2897
2898
2899
2905
2907
2908
2911
2912
2913
2914
2916
2919
2920
2921
2923
2925
2926
2927
2928
2933
2934
2935
2938
2942
2943
2944
2945
2946
2949
2951
2952
2955
2956
2957
2959
2960
2961
2962
2963
2964
2965
2969
2971
2972
2973
2977
2978
2979
2981
2982
2983
2984
2988
2989
2993
2994
2995
2996
2998
2999
3000
3002
3003
3004
3005
3006
3007
3008
3010
3011
3013
3014
3019
3021
3025
3030
3031
3032
3034
3035
3036
3037
3038
3040
3041
3042
3044
3045
3051
3055
3056
3057
3062
3063
3066
3069
3070
3071
3075
3078
3080
3084
3085
3087
3088
3089
3090
3092
3094
3097
3099
3106
3107
3109
3110
3113
3114
3121
3133
3134
3136
3137
3138
3140
3141
3146
3147
3148
3153
3161
3169
3170
3172
3173
3176
3179
3180
3184
3189
3192
3195
3196
3198
3199
3200
3201
3202
3203
3206
3208
3209
3210
3212
3213
3214
3215
3216
3217
3218
3219
3220
3221
3222
3223
3224
3225
3227
3228
3231
3233
3234
3235
3237
3238
3239
3240
3244
3245
3246
3251
3252
3257
3259
3261
3263
3265
3266
3267
3269
3270
3271
3272
3279
3287
3288
3289
3291
3292
3295
3300
3304
3305
3306
3307
3309
3313
3316
3320
3322
3324
3325
3331
3332
3333
3336
3337
3349
3350
3352
3362
3363
3371
3374
3375
3376
3377
3379
3381
3388
3389
3390
3391
3392
3395
3396
3397
3399
3400
3401
3402
3403
3404
3405
3406
3407
3408
3409
3410
3411
3412
3413
3414
3415
3416
3417
3418
3419
3420
3421
3422
3423
3424
3425
3426
3427
3428
3435
3436
3437
3438
3439
3444
3445
3447
3448
3449
3450
3453
3455
3456
3458
3464
3468
3470
3472
3473
3474
3475
3476
3477
3478
3479
3482
3484
3485
3486
3488
3489
3493
3496
3497
3500
3501
3503
3505
3508
3509
3510
3511
3515
3523
3524
3525
3527
3528
3530
3539
3540
3541
3543
3544
3545
3547
3549
3550
3552
3553
3554
3555
3556
3559
3560
3561
3562
3563
3564
3565
3566
3567
3568
3569
3570
3571
3574
3576
3578
3579
3583
3585
3586
3588
3590
3591
3594
3595
3596
3597
3598
3600
3601
3605
3607
3608
3613
3615
3619
3623
3626
3633
3635
3636
3637
3638
3639
3640
3643
3646
3648
3655
3656
3657
3662
3663
3665
3671
3672
3673
3678
3679
3680
3681
3682
3684
3685
3686
3687
3688
3690
3691
3695
3696
3698
3700
3701
3702
3704
3705
3706
3709
3710
3712
3714
3715
3716
3718
3721
3722
3723
3724
3727
3728
3729
3731
3732
3735
3737
3741
3742
3743
3746
3747
3748
3749
3750
3751
3753
3754
3755
3761
3762
3769
3770
3773
3777
3778
3779
3781
3783
3784
3785
3786
3787
3788
3789
3790
3791
3792
3793
3795
3805
3824
3825
3826
3829
3830
3831
3834
3835
3836
3838
3842
3843
3844
3846
3848
3849
3853
3854
3856
3857
3858
3859
3860
3861
3863
3864
3865
3866
3867
3868
3870
3871
3872
3873
3874
3875
3876
3877
3878
3879
3880
3881
3882
3883
3885
3886
3887
3888
3889
3890
3891
3892
3893
3894
3895
3896
3897
3898
3899
3900
3901
3902
3903
3904
3905
3906
3907
3908
3909
3910
3911
3912
3913
3914
3915
3916
3917
3918
3919
3920
3921
3922
3923
3924
3925
3926
3927
3928
3929
3930
3931
3932
3933
3934
3935
3936
3937
3938
3939
3940
3941
3942
3943
3944
3945
3946
3947
3948
3949
3950
3951
3952
3953
3954
3955
3956
3957
3958
3959
3960
3961
3962
3963
3964
3965
3966
3967
3968
3969
3970
3971
3972
3973
3974
3975
3976
3977
3978
3979
3980
3981
3982
3983
3984
3985
3986
3987
3988
3989
3991
3992
3993
3997
4000
4001
4003
4005
4006
4009
4010
4011
4013
4018
4020
4022
4023
4024
4025
4026
4027
4028
4029
4030
4031
4032
4033
4034
4035
4036
4037
4038
4039
4040
4041
4042
4043
4044
4045
4046
4047
4048
4049
4050
4051
4052
4053
4054
4055
4056
4057
4059
4060
4061
4062
4063
4064
4065
4066
4067
4068
4069
4070
4071
4072
4073
4074
4075
4076
4077
4078
4079
4080
4081
4082
4083
4084
4085
4086
4087
4088
4089
4090
4091
4092
4093
4094
4096
4097
4098
4099
4100
4101
4102
4103
4104
4105
4106
4107
4108
4110
4111
4112
4113
4114
4115
4117
4118
4119
4122
4125
4129
4131
4134
4136
4137
4138
4139
4141
4142
4144
4145
4146
4152
4158
4159
4162
4165
4166
4168
4170
4171
4175
4177
4179
4180
4182
4183
4185
4193
4195
4196
4202
4208
4209
4211
4215
4221
4223
4225
4226
4227
4228
4229
4230
4237
4240
4242
4244
4247
4248
4249
4251
4253
4259
4260
4264
4270
4272
4273
4274
4275
4277
4278
4281
4283
4284
4286
4288
4297
4298
4302
4306
4311
4312
4313
4318
4319
4332
4333
4335
4338
4339
4340
4342
4344
4346
4353
4357
4358
4361
4370
4371
4373
4378
4385
4386
4388
4392
4393
4394
4396
4403
4404
4405
4406
4409
4411
4414
4415
4422
4424
4425
4429
4432
4433
4435
4441
4442
4447
4448
4451
4453
4455
4459
4460
4461
4465
4466
4467
4468
4469
4470
4471
4473
4474
4475
4476
4479
4480
4482
4483
4484
4487
4488
4489
4491
4493
4494
4495
4496
4497
4499
4501
4502
4503
4507
4508
4509
4510
4511
4512
4517
4518
4521
4524
4525
4527
4529
4530
4531
4533
4537
4538
4539
4540
4542
4543
4544
4549
4553
4562
4565
4572
4574
4580
4581
4600
4602
4603
4604
4606
4607
4610
4611
4612
4615
4617
4618
4619
4620
4621
4623
4624
4625
4627
4628
4630
4631
4632
4637
4638
4645
4646
4650
4651
4652
4653
4657
4658
4661
4664
4666
4667
4669
4673
4674
4679
4681
4683
4687
4695
4696
4698
4699
4700
4702
4703
4707
4709
4711
4712
4715
4720
4725
4728
4730
4733
4736
4737
4738
4739
4740
4741
4742
4743
4745
4751
4753
4755
4756
4760
4761
4764
4765
4769
4771
4774
4778
4779
4781
4785
4786
4787
4792
4793
4795
4796
4797
4798
4799
4800
4801
4802
4804
4805
4806
4807
4816
4818
4822
4825
4826
4828
4831
4833
4834
4840
4842
4844
4847
4849
4851
4855
4856
4857
4863
4866
4867
4870
4871
4872
4875
4877
4879
4881
4884
4886
4887
4889
4890
4893
4894
4895
4896
4897
4898
4899
4902
4903
4904
4905
4909
4915
4919
4921
4922
4926
4929
4932
4934
4937
4945
4946
4949
4952
4955
4958
4959
4960
4962
4968
4972
4973
4976
4979
4985
4997
5001
5003
5004
5010
5013
5015
5020
5023
5027
5033
5037
5039
5040
5042
5043
5046
5049
5050
5055
5060
5073
5074
5075
5078
5080
5083
5085
5087
5093
5095
5096
5097
5101
5102
5105
5108
5109
5111
5112
5114
5115
5117
5119
5120
5124
5127
5128
5131
5132
5134
5135
5136
5138
5139
5142
5144
5148
5153
5156
5158
5162
5164
5165
5167
5168
5170
5171
5174
5178
5180
5182
5184
5186
5192
5194
5198
5199
5201
5203
5204
5206
5207
5208
5209
5210
5214
5223
5224
5227
5231
5236
5244
5246
5253
5254
5255
5259
5260
5264
5265
5268
5273
5274
5277
5279
5284
5286
5292
5295
5297
5299
5301
5303
5311
5313
5316
5317
5325
5330
5332
5333
5334
5336
5338
5344
5345
5346
5348
5349
5350
5352
5356
5362
5365
5368
5370
5371
5372
5374
5375
5376
5382
5384
5386
5387
5388
5389
5390
5395
5396
5397
5400
5401
5407
5412
5413
5416
5418
5446
5447
5449
5452
5454
5455
5456
5457
5458
5460
5462
5464
5465
5467
5469
5470
5473
5477
5478
5479
5480
5482
5484
5488
5490
5491
5492
5493
5495
5496
5497
5505
5508
5509
5510
5511
5512
5515
5520
5525
5528
5532
5537
5538
5540
5542
5558
5559
5562
5563
5565
5568
5571
5573
5574
5575
5577
5578
5579
5587
5589
5591
5594
5595
5598
5599
5600
5603
5604
5605
5615
5617
5620
5624
5626
5628
5630
5632
5637
5641
5642
5643
5645
5648
5649
5650
5651
5653
5663
5667
5668
5670
5671
5674
5677
5678
5679
5684
5685
5686
5687
5693
5694
5695
5700
5704
5706
5716
5717
5720
5725
5729
5730
5731
5734
5738
5739
5740
5741
5742
5743
5744
5745
5746
5752
5759
5760
5761
5762
5766
5769
5771
5772
5774
5775
5776
5779
5785
5787
5788
5790
5793
5794
5795
5797
5802
5806
5807
5811
5814
5816
5820
5822
5824
5827
5829
5832
5833
5834
5835
5837
5838
5840
5843
5844
5846
5848
5850
5852
5853
5857
5860
5861
5862
5864
5867
5868
5870
5871
5872
5873
5874
5877
5878
5879
5881
5882
5884
5889
5890
5891
5892
5896
5898
5902
5908
5909
5917
5921
5922
5928
5931
5934
5938
5939
5941
5944
5948
5951
5952
5954
5955
5957
5958
5959
5961
5963
5964
5968
5975
5976
5978
5979
5980
5981
5985
5989
5990
5991
5993
5995
5996
5997
5998
6001
6003
6010
6012
6014
6015
6016
6018
6026
6028
6033
6041
6042
6043
6046
6047
6048
6049
6050
6051
6052
6058
6065
6073
6074
6075
6076
6077
6079
6080
6082
6083
6086
6088
6096
6098
6099
6102
6103
6104
6105
6107
6113
6114
6116
6117
6126
6128
6129
6130
6131
6132
6134
6140
6141
6142
6143
6144
6145
6148
6151
6152
6155
6156
6162
6165
6168
6169
6170
6172
6179
6181
6185
6194
6198
6199
6201
6202
6205
6210
6211
6213
6214
6215
6220
6223
6224
6226
6229
6232
6234
6236
6238
6245
6247
6249
6253
6256
6258
6259
6260
6262
6263
6266
6268
6269
6271
6272
6275
6276
6280
6281
6282
6283
6284
6285
6289
6291
6294
6304
6310
6314
6315
6316
6321
6322
6323
6325
6326
6327
6330
6333
6335
6337
6340
6341
6342
6344
6345
6346
6355
6358
6360
6361
6363
6373
6378
6390
6394
6396
6397
6401
6402
6403
6406
6410
6412
6417
6422
6432
6435
6436
6442
6448
6459
6467
6474
6475
6479
6481
6482
6483
6486
6487
6493
6494
6498
6500
6501
6504
6507
6510
6512
6514
6515
6516
6518
6519
6520
6521
6526
6527
6528
6533
6537
6539
6544
6550
6556
6568
6574
6578
6580
6583
6589
6593
6594
6602
6603
6607
6609
6611
6613
6614
6615
6626
6627
6630
6631
6634
6637
6638
6639
6644
6647
6655
6657
6660
6665
6673
6675
6676
6678
6679
6680
6683
6684
6686
6687
6688
6691
6696
6698
6701
6706
6708
6710
6711
6715
6716
6729
6730
6732
6734
6738
6739
6742
6743
6744
6747
6748
6755
6756
6758
6759
6760
6761
6762
6763
6770
6776
6778
6780
6782
6784
6789
6791
6793
6795
6797
6798
6799
6806
6810
6811
6812
6813
6822
6831
6833
6835
6837
6838
6840
6851
6852
6854
6859
6860
6862
6864
6872
6875
6876
6880
6883
6885
6886
6888
6891
6896
6902
6905
6906
6908
6909
6916
6918
6919
6920
6923
6929
6931
6934
6936
6938
6940
6944
6947
6948
6949
6955
6956
6958
6961
6972
6976
6981
6983
6984
6985
6986
6987
6988
6990
6996
6998
6999
7001
7002
7006
7009
7011
7012
7013
7019
7020
7024
7025
7026
7027
7031
7035
7036
7038
7040
7056
7059
7061
7066
7069
7076
7078
7079
7080
7081
7082
7085
7086
7087
7088
7089
7090
7097
7100
7102
7103
7107
7111
7112
7117
7124
7127
7136
7137
7139
7143
7152
7155
7160
7162
7169
7173
7175
7177
7179
7192
7196
7199
7201
7205
7207
7208
7209
7212
7217
7225
7226
7227
7230
7240
7241
7246
7247
7249
7251
7252
7253
7259
7261
7262
7263
7266
7268
7269
7271
7275
7279
7280
7282
7289
7290
7299
7301
7307
7309
7310
7311
7312
7316
7317
7327
7334
7335
7336
7337
7339
7340
7344
7348
7350
7351
7353
7361
7362
7363
7365
7367
7369
7370
7372
7373
7374
7375
7376
7377
7386
7389
7391
7394
7396
7399
7404
7405
7408
7409
7410
7412
7413
7414
7416
7418
7422
7423
7428
7441
7446
7447
7451
7452
7453
7454
7456
7457
7459
7461
7463
7464
7473
7477
7479
7480
7484
7486
7491
7494
7503
7509
7511
7512
7513
7518
7520
7521
7525
7533
7537
7545
7546
7548
7551
7552
7554
7555
7556
7559
7561
7571
7575
7577
7580
7587
7594
7597
7601
7603
7607
7618
7619
7622
7623
7624
7626
7629
7630
7634
7635
7639
7646
7647
7653
7654
7655
7658
7660
7662
7664
7668
7671
7674
7676
7678
7681
7683
7689
7692
7694
7695
7696
7697
7702
7704
7705
7706
7707
7709
7711
7712
7715
7720
7721
7726
7732
7733
7734
7735
7737
7738
7740
7742
7746
7753
7755
7756
7760
7761
7764
7768
7770
7772
7775
7778
7782
7785
7788
7789
7791
7798
7799
7812
7815
7821
7826
7830
7833
7839
7840
7843
7845
7847
7849
7857
7865
7866
7869
7874
7877
7882
7884
7885
7888
7890
7892
7895
7898
7899
7900
7903
7909
7910
7911
7912
7913
7915
7917
7918
7920
7931
7933
7935
7941
7951
7952
7953
7956
7959
7961
7962
7963
7965
7972
7974
7975
7980
7984
7985
7990
7993
7995
7997
8010
8013
8014
8023
8024
8025
8028
8029
8030
8032
8041
8047
8050
8051
8052
8057
8059
8064
8065
8066
8078
8081
8082
8086
8088
8089
8093
8096
8101
8104
8109
8115
8117
8118
8120
8122
8124
8125
8129
8131
8136
8137
8152
8156
8158
8161
8165
8167
8171
8172
8173
8185
8186
8191
8197
8200
8204
8207
8212
8214
8215
8219
8220
8221
8251
8257
8263
8266
8267
8269
8270
8277
8278
8280
8281
8288
8289
8292
8300
8301
8304
8308
8310
8313
8320
8321
8323
8324
8326
8327
8331
8338
8339
8355
8356
8357
8358
8360
8361
8362
8365
8366
8367
8391
8392
8394
8400
8405
8407
8408
8413
8418
8420
8421
8425
8426
8433
8435
8436
8438
8439
8440
8442
8444
8448
8450
8454
8455
8456
8461
8463
8466
8474
8475
8478
8482
8485
8487
8495
8496
8513
8518
8528
8537
8538
8539
8542
8544
8545
8546
8553
8557
8560
8561
8562
8568
8569
8572
8573
8574
8577
8581
8582
8583
8584
8586
8589
8592
8593
8594
8595
8596
8599
8601
8602
8603
8604
8605
8607
8608
8609
8611
8615
8616
8617
8621
8628
8629
8630
8633
8636
8638
8642
8643
8649
8651
8657
8669
8670
8673
8674
8675
8678
8679
8683
8684
8686
8687
8688
8689
8702
8704
8707
8719
8721
8722
8726
8727
8728
8730
8733
8737
8739
8754
8762
8763
8765
8768
8769
8784
8786
8789
8793
8794
8795
8796
8801
8802
8803
8807
8811
8812
8814
8828
8831
8832
8839
8840
8843
8848
8850
8861
8863
8864
8865
8866
8868
8872
8874
8877
8878
8881
8884
8889
8890
8896
8897
8901
8903
8907
8923
8929
8932
8933
8935
8936
8938
8939
8940
8943
8944
8947
8953
8969
8970
8976
8978
8980
8982
8987
8990
8991
8992
8996
9000
9001
9003
9009
9012
9016
9024
9027
9038
9039
9047
9057
9058
9064
9065
9066
9072
9074
9075
9076
9077
9078
9082
9084
9086
9087
9089
9091
9092
9099
9103
9108
9109
9114
9116
9121
9123
9125
9126
9132
9133
9136
9143
9144
9146
9155
9156
9159
9162
9163
9165
9166
9169
9173
9174
9181
9186
9191
9195
9196
9197
9207
9214
9215
9217
9223
9224
9232
9239
9240
9241
9250
9253
9258
9262
9266
9268
9270
9272
9276
9277
9279
9280
9282
9283
9287
9292
9293
9296
9297
9302
9303
9306
9317
9319
9320
9333
9340
9343
9345
9346
9349
9352
9354
9356
9357
9366
9368
9369
9372
9379
9380
9382
9384
9386
9388
9395
9396
9397
9399
9411
9415
9416
9418
9421
9425
9428
9430
9431
9434
9435
9436
9437
9447
9448
9450
9454
9455
9456
9460
9464
9465
9466
9468
9471
9473
9483
9485
9486
9488
9489
9490
9491
9501
9502
9509
9525
9530
9532
9541
9542
9548
9551
9552
9556
9557
9559
9560
9564
9576
9577
9579
9583
9585
9589
9590
9591
9594
9595
9599
9609
9610
9614
9617
9623
9625
9628
9629
9631
9633
9634
9635
9640
9643
9645
9649
9658
9664
9665
9667
9668
9671
9672
9674
9676
9678
9681
9692
9693
9694
9695
9696
9700
9701
9703
9704
9705
9706
9707
9708
9713
9717
9728
9734
9736
9740
9741
9742
9746
9751
9756
9758
9779
9787
9791
9799
9803
9813
9818
9819
9828
9832
9835
9837
9840
9850
9870
9873
9882
9883
9887
9889
9890
9900
9905
9919
9924
9940
9943
9944
9953
9967
9968
9971
9975
9978
9979
9981
9985
9987
9990
9992
9994
9996
9998
10000
10005
10011
10021
10023
10025
10035
10038
10040
10043
10044
10049
10050
10051
10055
10058
10067
10075
10076
10077
10079
10085
10089
10093
10099
10112
10114
10115
10119
10128
10130
10140
10141
10142
10143
10147
10149
10152
10161
10168
10170
10171
10172
10173
10177
10179
10181
10192
10194
10195
10196
10205
10211
10224
10229
10232
10233
10235
10236
10237
10239
10240
10246
10249
10250
10254
10259
10262
10264
10268
10269
10270
10275
10276
10282
10285
10286
10288
10290
10291
10301
10302
10303
10304
10305
10306
10308
10310
10312
10315
10333
10335
10340
10342
10343
10350
10352
10356
10359
10361
10362
10363
10365
10367
10380
10388
10389
10396
10397
10402
10403
10404
10407
10409
10418
10419
10421
10425
10426
10427
10428
10429
10432
10435
10438
10439
10453
10458
10469
10471
10473
10474
10475
10476
10479
10481
10486
10504
10506
10508
10510
10520
10524
10526
10528
10529
10533
10535
10536
10538
10541
10543
10546
10548
10551
10554
10557
10565
10570
10573
10583
10584
10591
10592
10599
10616
10628
10634
10638
10639
10641
10652
10657
10658
10664
10666
10667
10668
10674
10678
10683
10684
10686
10687
10690
10694
10695
10703
10704
10707
10709
10710
10715
10717
10718
10721
10723
10724
10725
10726
10727
10732
10733
10742
10744
10745
10746
10751
10752
10755
10757
10763
10765
10768
10778
10780
10781
10783
10789
10796
10797
10800
10808
10814
10815
10817
10822
10827
10828
10829
10832
10841
10845
10849
10850
10853
10855
10858
10883
10887
10893
10896
10898
10899
10903
10905
10906
10909
10910
10911
10912
10915
10917
10924
10926
10927
10932
10933
10934
10935
10938
10939
10941
10945
10951
10952
10955
10958
10971
10987
10988
10992
10995
10997
11000
11001
11010
11012
11014
11015
11017
11020
11021
11022
11025
11026
11029
11030
11032
11035
11039
11042
11047
11055
11065
11068
11074
11077
11097
11107
11109
11110
11114
11117
11121
11127
11128
11129
11132
11140
11141
11142
11143
11146
11158
11166
11181
11182
11184
11185
11186
11187
11188
11189
11193
11194
11196
11199
11207
11221
11223
11236
11249
11250
11253
11256
11259
11269
11270
11280
11284
11287
11292
11295
11312
11313
11314
11316
11321
11322
11323
11324
11326
11327
11328
11338
11340
11346
11350
11353
11356
11366
11369
11370
11372
11373
11374
11375
11379
11396
11408
11415
11419
11422
11423
11425
11429
11430
11431
11432
11438
11445
11447
11455
11456
11459
11466
11471
11473
11474
11481
11490
11492
11500
11501
11507
11511
11512
11513
11521
11522
11524
11527
11534
11565
11568
11571
11575
11578
11580
11581
11601
11602
11603
11604
11606
11607
11608
11610
11611
11623
11625
11628
11629
11630
11631
11647
11650
11657
11658
11660
11663
11665
11669
11670
11677
11701
11711
11713
11719
11724
11725
11726
11727
11731
11734
11736
11741
11742
11748
11751
11752
11755
11756
11764
11779
11780
11783
11784
11785
11788
11792
11798
11805
11806
11816
11822
11827
11836
11838
11846
11859
11860
11863
11864
11868
11869
11872
11877
11882
11883
11885
11886
11890
11892
11894
11895
11915
11916
11922
11925
11926
11931
11933
11935
11939
11940
11944
11951
11954
11957
11959
11961
11962
11963
11964
11965
11966
11971
11972
11974
11979
11981
11982
11988
11990
11991
11995
12007
12008
12010
12018
12036
12039
12058
12061
12072
12074
12077
12086
12088
12097
12108
12113
12114
12120
12121
12122
12134
12135
12136
12138
12139
12144
12147
12150
12152
12155
12164
12170
12172
12173
12174
12177
12178
12179
12186
12188
12199
12201
12202
12206
12213
12227
12229
12232
12237
12240
12243
12255
12261
12272
12276
12277
12283
12284
12289
12293
12306
12318
12321
12322
12328
12337
12338
12342
12346
12347
12351
12353
12356
12360
12361
12364
12371
12372
12387
12388
12393
12396
12402
12404
12405
12414
12416
12417
12418
12428
12429
12432
12436
12447
12453
12458
12464
12465
12467
12469
12470
12476
12483
12486
12494
12497
12503
12505
12509
12511
12512
12513
12515
12517
12518
12520
12521
12524
12532
12533
12535
12536
12539
12540
12542
12543
12544
12549
12552
12553
12556
12557
12560
12562
12565
12567
12568
12572
12573
12579
12580
12581
12582
12583
12586
12590
12591
12592
12594
12602
12611
12616
12617
12618
12619
12623
12627
12628
12636
12637
12638
12640
12645
12650
12653
12657
12658
12659
12665
12666
12668
12669
12673
12675
12682
12685
12688
12694
12697
12698
12699
12700
12707
12710
12714
12715
12719
12720
12722
12723
12726
12728
12729
12733
12738
12741
12748
12749
12750
12755
12758
12760
12767
12768
12771
12775
12780
12781
12784
12787
12791
12793
12799
12800
12801
12802
12806
12812
12813
12814
12816
12820
12831
12848
12853
12858
12861
12863
12868
12875
12876
12877
12879
12880
12891
12892
12902
12903
12904
12908
12909
12924
12926
12937
12938
12940
12942
12947
12950
12952
12953
12955
12956
12957
12958
12959
12960
12965
12967
12968
12969
12970
12972
12975
12978
12984
12986
12988
12993
12994
12996
13002
13003
13013
13014
13015
13019
13036
13059
13060
13064
13067
13068
13085
13088
13091
13099
13103
13110
13112
13117
13119
13123
13124
13127
13134
13138
13141
13150
13153
13161
13173
13176
13180
13181
13186
13189
13193
13196
13198
13203
13204
13205
13211
13218
13220
13221
13224
13225
13228
13229
13233
13234
13237
13240
13244
13251
13257
13258
13261
13265
13269
13270
13275
13284
13288
13291
13295
13296
13298
13304
13305
13307
13309
13314
13320
13322
13324
13329
13330
13332
13333
13336
13337
13341
13343
13344
13346
13348
13351
13352
13358
13360
13361
13362
13371
13373
13375
13377
13381
13384
13385
13388
13389
13392
13393
13395
13396
13397
13399
13401
13403
13407
13408
13412
13414
13416
13420
13421
13425
13426
13435
13436
13437
13443
13446
13448
13454
13458
13462
13473
13480
13482
13483
13485
13487
13489
13491
13501
13505
13506
13508
13509
13513
13518
13531
13534
13535
13536
13537
13538
13539
13541
13543
13544
13546
13548
13558
13560
13562
13566
13567
13568
13569
13570
13576
13585
13592
13601
13612
13613
13614
13616
13619
13621
13622
13627
13628
13647
13650
13651
13652
13654
13656
13659
13660
13662
13665
13666
13669
13671
13685
13688
13696
13697
13699
13705
13707
13711
13715
13717
13718
13719
13721
13724
13726
13731
13732
13735
13749
13752
13759
13764
13775
13776
13778
13782
13797
13803
13817
13821
13826
13829
13832
13833
13839
13842
13851
13852
13855
13860
13866
13870
13871
13873
13874
13881
13885
13886
13888
13889
13893
13894
13901
13902
13903
13907
13910
13914
13915
13916
13926
13929
13931
13932
13938
13952
13959
13961
13967
13970
13977
13980
13985
13988
13993
13994
13999
14003
14006
14008
14009
14013
14017
14020
14028
14034
14038
14042
14043
14052
14053
14054
14055
14057
14062
14063
14065
14068
14070
14073
14079
14095
14103
14107
14111
14119
14126
14129
14133
14138
14162
14171
14201
14210
14213
14218
14221
14224
14243
14244
14247
14252
14260
14261
14263
14268
14271
14279
14280
14281
14282
14283
14286
14288
14290
14294
14316
14332
14347
14351
14366
14368
14372
14373
14375
14381
14382
14385
14389
14391
14392
14394
14398
14401
14402
14408
14409
14412
14420
14421
14431
14455
14466
14467
14483
14485
14497
14500
14503
14506
14509
14533
14534
14539
14557
14565
14566
14567
14570
14571
14572
14577
14578
14579
14580
14581
14582
14585
14592
14599
14600
14613
14614
14616
14619
14622
14624
14627
14628
14632
14634
14642
14643
14646
14652
14654
14659
14663
14665
14666
14673
14681
14684
14688
14689
14692
14694
14697
14700
14705
14707
14711
14717
14718
14719
14720
14721
14723
14724
14726
14728
14738
14739
14750
14762
14778
14779
14781
14784
14785
14786
14788
14789
14791
14792
14794
14795
14798
14802
14812
14813
14823
14836
14846
14849
14850
14853
14857
14861
14862
14867
14873
14874
14882
14890
14892
14893
14895
14896
14899
14902
14904
14907
14916
14929
14931
14935
14944
14958
14966
14977
14983
14986
14988
14990
14993
14994
15003
15013
15014
15016
15020
15022
15027
15028
15041
15051
15053
15055
15057
15061
15066
15069
15070
15081
15086
15087
15092
15093
15096
15103
15108
15110
15112
15119
15120
15121
15125
15129
15134
15138
15140
15142
15143
15145
15148
15150
15164
15165
15169
15171
15173
15174
15178
15179
15185
15186
15187
15196
15197
15212
15214
15223
15224
15225
15226
15234
15236
15242
15244
15253
15255
15271
15274
15279
15280
15281
15294
15295
15302
15303
15304
15311
15313
15314
15317
15323
15326
15331
15335
15336
15339
15344
15362
15368
15369
15377
15382
15393
15404
15412
15413
15427
15429
15435
15445
15448
15450
15454
15458
15462
15467
15470
15472
15474
15478
15480
15482
15483
15484
15494
15495
15498
15504
15509
15510
15512
15515
15516
15517
15521
15524
15527
15529
15534
15535
15539
15542
15547
15548
15551
15554
15556
15557
15559
15567
15569
15573
15577
15579
15589
15590
15593
15598
15599
15603
15604
15607
15608
15614
15617
15621
15628
15633
15638
15646
15647
15653
15654
15655
15661
15664
15666
15668
15669
15672
15673
15676
15678
15689
15696
15697
15701
15702
15706
15707
15710
15715
15719
15722
15724
15726
15728
15729
15734
15740
15745
15746
15757
15758
15761
15769
15773
15775
15777
15778
15781
15782
15786
15788
15791
15798
15802
15803
15809
15813
15817
15818
15820
15822
15824
15826
15828
15836
15845
15849
15850
15851
15852
15854
15866
15868
15869
15870
15873
15875
15877
15879
15880
15881
15884
15891
15893
15894
15897
15898
15900
15902
15903
15907
15909
15913
15917
15918
15921
15924
15927
15936
15937
15939
15943
15952
15955
15956
15958
15959
15964
15973
15974
15976
15982
15986
15987
15992
15993
15994
15996
15998
15999
16002
16003
16010
16014
16015
16019
16021
16032
16039
16052
16053
16054
16066
16078
16084
16086
16094
16095
16100
16102
16104
16109
16112
16115
16119
16127
16137
16138
16141
16144
16150
16151
16153
16155
16158
16160
16164
16171
16173
16174
16192
16193
16204
16219
16220
16223
16224
16230
16243
16252
16258
16260
16275
16284
16285
16291
16292
16293
16301
16303
16304
16306
16307
16308
16310
16311
16313
16320
16322
16329
16330
16332
16337
16338
16340
16343
16345
16346
16349
16350
16352
16353
16355
16356
16359
16362
16367
16374
16375
16376
16382
16388
16389
16390
16397
16398
16411
16414
16416
16418
16426
16427
16430
16433
16437
16440
16443
16444
16445
16454
16458
16461
16464
16471
16476
16477
16483
16485
16486
16488
16491
16493
16495
16497
16499
16500
16503
16504
16508
16514
16524
16527
16533
16534
16535
16541
16542
16544
16555
16560
16568
16572
16581
16583
16585
16586
16601
16603
16604
16606
16608
16616
16617
16618
16621
16627
16630
16631
16635
16640
16647
16649
16650
16655
16659
16662
16667
16671
16672
16674
16676
16677
16683
16685
16693
16701
16714
16725
16727
16728
16729
16732
16735
16738
16749
16763
16768
16783
16784
16787
16788
16791
16803
16804
16811
16814
16815
16821
16824
16826
16842
16848
16849
16851
16853
16856
16859
16861
16865
16870
16873
16875
16880
16884
16887
16900
16908
16911
16913
16914
16920
16921
16922
16928
16931
16938
16951
16952
16954
16962
16963
16964
16966
16968
16971
16976
16982
16984
16989
16990
16996
17002
17005
17008
17013
17014
17019
17023
17030
17047
17050
17054
17055
17057
17060
17062
17066
17071
17072
17076
17078
17082
17085
17088
17089
17091
17093
17094
17096
17099
17102
17105
17112
17114
17117
17121
17122
17126
17127
17128
17129
17130
17140
17142
17148
17151
17156
17158
17160
17166
17171
17172
17173
17174
17176
17177
17183
17186
17202
17205
17208
17209
17210
17211
17212
17216
17217
17218
17220
17226
17228
17229
17232
17234
17244
17245
17251
17254
17257
17260
17264
17275
17276
17277
17278
17281
17284
17293
17304
17311
17312
17326
17336
17338
17342
17343
17352
17357
17363
17365
17367
17374
17378
17380
17383
17385
17388
17390
17392
17393
17399
17401
17404
17406
17407
17408
17409
17410
17411
17412
17420
17424
17425
17426
17429
17432
17440
17442
17444
17445
17446
17449
17462
17464
17465
17470
17471
17473
17475
17476
17477
17478
17486
17488
17492
17493
17498
17501
17502
17504
17508
17514
17515
17523
17524
17525
17526
17529
17530
17535
17536
17537
17542
17547
17551
17556
17569
17573
17576
17580
17581
17584
17591
17595
17597
17600
17602
17603
17605
17606
17622
17625
17634
17635
17637
17640
17641
17644
17645
17646
17649
17650
17652
17664
17666
17668
17669
17674
17675
17676
17677
17682
17687
17694
17696
17699
17700
17702
17726
17727
17734
17736
17744
17748
17754
17759
17760
17762
17769
17773
17776
17779
17785
17793
17795
17798
17801
17803
17806
17807
17809
17810
17813
17814
17821
17824
17825
17830
17832
17835
17837
17843
17854
17856
17862
17868
17869
17877
17880
17883
17886
17887
17889
17892
17901
17904
17912
17913
17922
17936
17939
17943
17945
17946
17947
17950
17953
17954
17957
17960
17965
17971
17974
17975
17980
17981
17988
17993
17997
17999
18001
18014
18015
18016
18019
18024
18025
18029
18031
18032
18033
18035
18039
18042
18044
18049
18051
18055
18058
18061
18066
18068
18072
18074
18076
18084
18086
18089
18092
18094
18102
18106
18110
18113
18115
18116
18117
18118
18121
18126
18128
18130
18131
18134
18135
18140
18141
18150
18153
18157
18158
18166
18168
18169
18175
18186
18187
18188
18193
18194
18196
18197
18201
18205
18206
18208
18209
18218
18219
18222
18225
18229
18231
18232
18243
18245
18249
18258
18264
18265
18271
18272
18275
18282
18284
18285
18286
18288
18303
18304
18306
18309
18311
18315
18317
18318
18320
18330
18334
18335
18336
18337
18338
18341
18345
18346
18347
18348
18350
18354
18355
18358
18359
18361
18368
18372
18374
18377
18378
18379
18382
18383
18386
18390
18393
18395
18404
18411
18412
18420
18423
18424
18425
18430
18440
18441
18443
18450
18456
18460
18463
18473
18476
18478
18481
18483
18484
18485
18488
18491
18494
18497
18506
18508
18509
18511
18518
18519
18528
18532
18539
18552
18558
18561
18565
18569
18571
18586
18588
18591
18593
18599
18604
18607
18612
18613
18615
18616
18622
18623
18628
18632
18640
18644
18646
18649
18651
18655
18659
18666
18670
18673
18683
18684
18688
18697
18703
18711
18713
18715
18717
18718
18721
18724
18728
18731
18733
18734
18737
18740
18745
18748
18751
18754
18760
18768
18772
18775
18789
18793
18795
18808
18810
18812
18813
18814
18815
18816
18817
18819
18831
18850
18854
18859
18860
18863
18865
18868
18869
18870
18878
18880
18884
18886
18894
18901
18906
18914
18915
18917
18920
18921
18930
18937
18942
18943
18945
18948
18951
18955
18956
18958
18960
18962
18969
18972
18976
18979
18988
18989
18991
19006
19007
19008
19010
19018
19024
19028
19029
19039
19043
19052
19056
19060
19061
19062
19064
19068
19075
19078
19081
19106
19113
19117
19118
19129
19130
19132
19134
19143
19144
19145
19147
19150
19154
19158
19162
19164
19167
19168
19188
19196
19200
19202
19204
19205
19207
19208
19209
19221
19223
19224
19233
19234
19235
19236
19247
19248
19261
19266
19268
19270
19271
19272
19274
19280
19282
19284
19286
19289
19293
19295
19296
19298
19301
19304
19305
19307
19313
19318
19327
19329
19330
19334
19335
19342
19350
19351
19353
19356
19357
19358
19362
19363
19365
19366
19368
19369
19371
19378
19382
19394
19397
19398
19399
19403
19412
19415
19423
19425
19429
19431
19432
19433
19435
19441
19442
19444
19445
19461
19462
19464
19465
19469
19475
19481
19485
19487
19489
19490
19494
19498
19499
19500
19502
19505
19506
19512
19514
19515
19520
19521
19522
19525
19528
19539
19558
19565
19581
19589
19590
19594
19596
19602
19613
19622
19623
19626
19627
19634
19635
19636
19638
19639
19641
19642
19649
19654
19655
19656
19657
19667
19669
19670
19671
19673
19674
19698
19707
19712
19722
19724
19727
19731
19733
19743
19746
19749
19754
19757
19758
19763
19764
19792
19797
19804
19809
19810
19814
19820
19838
19843
19845
19848
19856
19868
19871
19874
19879
19896
19904
19905
19906
19908
19917
19924
19936
19937
19939
19941
19944
19945
19948
19963
19969
19971
19976
19978
19979
19980
19983
19984
19985
19986
19987
19988
19998
20001
20004
20012
20017
20018
20019
20029
20030
20037
20039
20040
20044
20046
20048
20049
20053
20058
20060
20062
20064
20068
20072
20077
20085
20088
20094
20095
20097
20098
20104
20105
20106
20108
20109
20110
20118
20126
20128
20135
20137
20150
20161
20162
20164
20165
20171
20172
20173
20175
20178
20183
20186
20198
20206
20208
20211
20212
20214
20215
20224
20227
20228
20230
20235
20240
20246
20248
20253
20254
20256
20257
20258
20261
20271
20272
20275
20278
20282
20296
20304
20315
20316
20319
20325
20327
20332
20347
20350
20356
20358
20373
20374
20380
20381
20393
20394
20401
20403
20404
20412
20414
20422
20427
20432
20433
20440
20447
20450
20454
20457
20458
20459
20460
20462
20469
20477
20479
20484
20489
20492
20495
20497
20499
20501
20503
20507
20508
20512
20525
20527
20530
20535
20536
20538
20539
20540
20541
20542
20558
20564
20565
20567
20569
20571
20578
20584
20588
20602
20605
20608
20611
20615
20617
20621
20631
20644
20653
20655
20659
20661
20662
20666
20667
20669
20670
20676
20678
20681
20686
20690
20691
20692
20693
20703
20704
20708
20714
20718
20719
20725
20726
20727
20729
20738
20745
20746
20750
20752
20758
20762
20763
20766
20767
20769
20777
20781
20787
20789
20795
20801
20802
20806
20811
20812
20814
20831
20839
20844
20850
20852
20853
20856
20859
20861
20862
20863
20866
20877
20878
20886
20888
20891
20900
20903
20920
20925
20929
20930
20931
20934
20941
20944
20945
20950
20953
20954
20956
20960
20965
20969
20984
20987
20990
20993
20996
20997
20999
21002
21004
21006
21008
21015
21016
21017
21019
21022
21027
21028
21030
21033
21040
21043
21045
21046
21047
21056
21061
21066
21067
21070
21080
21084
21089
21094
21105
21106
21108
21110
21116
21117
21118
21124
21130
21131
21137
21140
21142
21144
21148
21153
21160
21161
21164
21170
21171
21175
21177
21183
21199
21201
21211
21217
21219
21223
21225
21226
21247
21254
21257
21266
21270
21272
21274
21275
21278
21284
21287
21291
21294
21309
21328
21334
21346
21349
21350
21351
21355
21359
21363
21372
21388
21394
21397
21406
21411
21416
21417
21422
21423
21427
21428
21432
21433
21436
21446
21453
21459
21460
21461
21462
21464
21465
21468
21473
21477
21484
21486
21489
21492
21494
21501
21515
21521
21522
21529
21534
21536
21539
21545
21547
21562
21566
21569
21570
21571
21587
21608
21613
21616
21633
21636
21641
21643
21652
21658
21660
21667
21668
21676
21680
21685
21686
21688
21693
21701
21704
21710
21714
21730
21732
21733
21748
21752
21757
21758
21761
21763
21769
21777
21779
21790
21791
21814
21815
21817
21818
21821
21840
21841
21845
21848
21852
21853
21857
21862
21865
21869
21870
21871
21880
21882
21884
21885
21887
21891
21896
21897
21900
21912
21916
21922
21923
21924
21926
21931
21933
21934
21942
21944
21947
21950
21952
21953
21957
21960
21961
21974
21988
21991
21992
21993
21999
22000
22002
22007
22010
22011
22018
22030
22032
22035
22037
22038
22042
22043
22048
22068
22075
22082
22092
22095
22097
22100
22104
22108
22115
22119
22121
22126
22128
22137
22140
22142
22146
22154
22155
22158
22162
22166
22173
22176
22177
22187
22188
22194
22195
22200
22204
22218
22229
22232
22238
22239
22245
22247
22260
22261
22263
22275
22281
22287
22289
22290
22298
22299
22315
22320
22321
22324
22325
22330
22331
22335
22336
22350
22368
22369
22370
22392
22398
22402
22414
22426
22431
22434
22435
22441
22443
22449
22453
22462
22463
22465
22467
22469
22470
22472
22474
22482
22484
22487
22491
22493
22494
22497
22504
22512
22527
22528
22538
22542
22548
22549
22566
22572
22577
22580
22595
22597
22602
22608
22610
22613
22619
22620
22623
22625
22636
22647
22650
22651
22663
22666
22668
22675
22676
22677
22682
22688
22695
22696
22700
22705
22721
22722
22723
22735
22736
22737
22749
22751
22760
22766
22768
22769
22784
22785
22787
22790
22795
22806
22821
22827
22828
22831
22832
22835
22842
22850
22852
22858
22864
22865
22866
22872
22873
22879
22888
22889
22892
22899
22901
22906
22908
22912
22922
22923
22927
22928
22932
22939
22950
22953
22955
22960
22963
22964
22965
22966
22968
22974
22976
22978
22981
22988
22996
22998
23006
23023
23026
23030
23036
23043
23051
23052
23055
23056
23057
23059
23060
23061
23065
23070
23072
23074
23075
23082
23083
23085
23099
23106
23107
23108
23127
23129
23132
23134
23135
23136
23146
23150
23152
23165
23167
23169
23173
23174
23176
23178
23183
23184
23189
23195
23199
23204
23214
23215
23216
23218
23219
23220
23221
23225
23235
23239
23241
23243
23247
23254
23255
23258
23259
23261
23262
23263
23267
23269
23272
23274
23275
23276
23279
23285
23289
23290
23306
23310
23313
23316
23319
23322
23323
23324
23334
23335
23341
23342
23344
23345
23350
23354
23360
23362
23363
23365
23370
23379
23383
23386
23393
23396
23400
23408
23409
23422
23429
23447
23451
23452
23469
23473
23477
23479
23481
23485
23486
23489
23491
23503
23504
23507
23509
23511
23525
23529
23537
23549
23561
23564
23568
23571
23573
23576
23580
23594
23596
23601
23610
23612
23615
23619
23637
23645
23647
23648
23654
23661
23675
23688
23691
23694
23695
23697
23699
23704
23706
23708
23712
23715
23721
23724
23726
23737
23749
23750
23757
23763
23785
23797
23809
23811
23813
23815
23816
23822
23823
23824
23829
23834
23850
23852
23853
23859
23861
23872
23886
23891
23892
23909
23914
23918
23933
23935
23944
23946
23950
23957
23961
23962
23970
23974
23975
23986
23993
23995
23997
24000
24001
24004
24005
24010
24014
24019
24026
24037
24047
24048
24050
24053
24054
24055
24056
24057
24058
24059
24063
24067
24079
24092
24095
24096
24099
24100
24101
24107
24116
24129
24131
24132
24137
24144
24158
24160
24164
24168
24171
24172
24173
24187
24190
24195
24197
24203
24211
24213
24215
24216
24217
24233
24245
24249
24250
24252
24254
24256
24259
24263
24267
24268
24270
24273
24275
24276
24283
24285
24286
24297
24299
24300
24308
24318
24319
24320
24325
24326
24327
24331
24334
24335
24350
24351
24357
24365
24367
24370
24379
24381
24383
24385
24386
24389
24406
24410
24420
24431
24432
24434
24440
24441
24443
24444
24447
24450
24451
24453
24463
24470
24476
24477
24478
24479
24480
24483
24485
24490
24493
24495
24496
24497
24499
24505
24506
24512
24513
24523
24529
24531
24533
24536
24541
24542
24544
24545
24547
24551
24554
24555
24560
24561
24565
24566
24572
24575
24577
24579
24584
24588
24589
24595
24597
24605
24607
24609
24614
24618
24620
24622
24626
24628
24629
24630
24642
24647
24657
24660
24663
24665
24669
24672
24677
24678
24681
24690
24696
24698
24703
24714
24720
24731
24732
24735
24748
24749
24750
24751
24752
24753
24755
24758
24762
24763
24765
24769
24773
24776
24786
24790
24791
24793
24797
24809
24811
24812
24813
24815
24824
24826
24836
24841
24844
24846
24849
24852
24853
24860
24862
24864
24867
24868
24869
24872
24874
24879
24880
24882
24883
24884
24886
24887
24891
24893
24894
24895
24898
24905
24911
24913
24915
24921
24923
24924
24927
24941
24942
24947
24951
24952
24953
24961
24963
24967
24969
24973
24974
24975
24982
24983
24984
24985
24987
24988
24996
24999
25006
25016
25017
25018
25028
25029
25036
25038
25050
25061
25064
25067
25068
25071
25075
25085
25086
25102
25105
25117
25140
25146
25157
25159
25175
25184
25186
25189
25194
25196
25202
25205
25211
25216
25222
25228
25230
25232
25235
25238
25239
25244
25247
25253
25277
25287
25288
25289
25294
25300
25303
25314
25330
25333
25335
25340
25342
25343
25344
25345
25354
25368
25369
25371
25377
25379
25380
25395
25396
25398
25399
25409
25417
25421
25425
25426
25427
25432
25439
25451
25452
25456
25459
25462
25465
25480
25481
25482
25483
25486
25487
25488
25493
25494
25496
25497
25499
25503
25508
25509
25519
25520
25521
25523
25524
25528
25535
25536
25537
25538
25547
25549
25554
25555
25556
25560
25561
25562
25564
25567
25572
25576
25582
25587
25589
25600
25607
25608
25613
25614
25628
25638
25643
25644
25652
25655
25658
25662
25668
25677
25746
25750
25760
25763
25765
25766
25768
25769
25774
25777
25778
25779
25783
25785
25791
25799
25802
25804
25809
25812
25819
25820
25822
25828
25829
25830
25835
25838
25845
25846
25854
25862
25867
25872
25877
25879
25880
25882
25884
25885
25889
25896
25899
25907
25914
25917
25921
25922
25923
25929
25935
25936
25941
25942
25944
25947
25949
25955
25964
25967
25981
25982
25990
26000
26008
26020
26022
26040
26045
26046
26067
26068
26072
26073
26075
26077
26089
26092
26094
26097
26099
26107
26112
26121
26125
26127
26129
26135
26136
26143
26144
26145
26146
26148
26149
26150
26153
26154
26162
26164
26166
26169
26176
26177
26192
26193
26197
26198
26200
26205
26206
26208
26214
26215
26216
26218
26219
26223
26225
26234
26241
26247
26255
26257
26258
26260
26261
26264
26267
26272
26277
26281
26283
26287
26306
26307
26310
26313
26314
26316
26319
26331
26334
26338
26339
26341
26349
26357
26361
26364
26374
26375
26380
26382
26387
26401
26407
26408
26411
26414
26417
26420
26428
26441
26442
26443
26444
26456
26458
26463
26464
26466
26478
26483
26486
26499
26505
26515
26516
26518
26520
26522
26526
26532
26536
26538
26540
26541
26542
26544
26547
26552
26562
26563
26564
26566
26567
26573
26581
26587
26591
26598
26608
26609
26611
26618
26626
26628
26629
26635
26641
26647
26651
26658
26661
26664
26666
26670
26680
26686
26692
26693
26707
26710
26711
26718
26719
26722
26723
26724
26725
26727
26730
26733
26735
26741
26742
26743
26754
26773
26777
26778
26782
26783
26799
26803
26804
26809
26811
26834
26838
26844
26846
26849
26854
26855
26858
26859
26863
26864
26866
26876
26880
26884
26909
26911
26919
26920
26921
26925
26933
26935
26938
26940
26945
26947
26948
26950
26952
26953
26963
26968
26969
26971
26973
26977
26979
26980
26982
26986
26988
26992
26993
26997
27001
27002
27003
27004
27005
27010
27020
27021
27024
27025
27026
27035
27047
27048
27058
27060
27061
27068
27070
27074
27077
27081
27083
27094
27097
27108
27110
27113
27115
27118
27124
27149
27150
27156
27157
27158
27159
27178
27183
27187
27195
27198
27199
27207
27209
27221
27225
27230
27233
27237
27238
27239
27248
27249
27256
27275
27281
27284
27287
27288
27289
27292
27296
27299
27300
27307
27309
27315
27318
27319
27322
27323
27326
27330
27331
27335
27337
27345
27350
27352
27355
27360
27361
27370
27376
27383
27392
27393
27394
27398
27422
27424
27427
27431
27434
27446
27447
27450
27455
27467
27469
27470
27471
27482
27486
27488
27495
27503
27504
27505
27508
27517
27538
27539
27544
27547
27559
27560
27571
27574
27575
27586
27590
27591
27603
27610
27614
27624
27628
27629
27630
27643
27649
27664
27666
27667
27676
27679
27680
27682
27683
27686
27690
27693
27694
27695
27697
27701
27705
27718
27719
27720
27741
27744
27745
27748
27751
27753
27755
27756
27767
27770
27773
27775
27776
27781
27784
27787
27790
27794
27805
27815
27821
27822
27828
27833
27835
27836
27837
27839
27848
27853
27854
27858
27861
27865
27866
27877
27879
27880
27881
27883
27897
27904
27907
27915
27916
27920
27927
27952
27961
27963
27965
27969
27971
27991
28000
28009
28017
28019
28021
28025
28028
28033
28037
28038
28039
28049
28055
28060
28062
28066
28070
28071
28079
28080
28081
28083
28086
28089
28093
28095
28103
28105
28112
28121
28124
28128
28130
28134
28139
28142
28148
28152
28163
28164
28167
28171
28172
28175
28177
28180
28195
28200
28203
28208
28211
28215
28220
28226
28231
28236
28237
28238
28240
28243
28252
28259
28260
28262
28269
28271
28281
28282
28294
28295
28301
28314
28317
28326
28332
28341
28350
28360
28371
28375
28376
28377
28381
28383
28389
28391
28392
28397
28399
28402
28411
28423
28426
28427
28430
28438
28439
28441
28442
28444
28446
28448
28450
28455
28460
28462
28463
28464
28469
28473
28474
28478
28481
28486
28490
28492
28496
28500
28505
28510
28517
28519
28520
28526
28536
28539
28541
28551
28552
28555
28560
28562
28563
28565
28566
28567
28568
28590
28591
28594
28595
28599
28606
28607
28608
28626
28632
28642
28643
28652
28663
28664
28668
28677
28679
28685
28700
28702
28706
28723
28725
28732
28738
28741
28749
28756
28757
28759
28761
28762
28765
28766
28777
28787
28795
28798
28818
28819
28824
28833
28834
28838
28840
28841
28844
28856
28857
28864
28865
28867
28875
28879
28893
28894
28897
28898
28899
28906
28910
28916
28923
28935
28937
28938
28942
28947
28949
28950
28952
28953
28955
28957
28958
28960
28962
28963
28982
28983
28984
28987
28989
28992
28996
28997
28998
29000
29002
29009
29016
29020
29021
29023
29029
29032
29036
29044
29046
29049
29051
29055
29064
29067
29070
29077
29079
29080
29082
29083
29089
29092
29104
29107
29110
29116
29118
29124
29126
29133
29134
29148
29155
29159
29166
29178
29182
29193
29198
29206
29213
29218
29220
29227
29234
29239
29246
29249
29250
29267
29271
29274
29275
29280
29286
29287
29289
29290
29291
29298
29300
29301
29309
29323
29337
29338
29344
29359
29373
29375
29381
29383
29387
29391
29400
29407
29419
29421
29429
29436
29442
29446
29470
29474
29480
29487
29496
29497
29505
29528
29534
29541
29551
29572
29602
29603
29608
29626
29629
29636
29638
29643
29646
29656
29657
29660
29661
29668
29669
29673
29674
29676
29682
29690
29702
29709
29712
29714
29733
29737
29738
29742
29745
29748
29749
29754
29756
29764
29765
29772
29780
29782
29786
29791
29800
29818
29838
29841
29842
29848
29853
29863
29868
29870
29880
29882
29883
29891
29892
29894
29897
29902
29926
29929
29931
29934
29937
29948
29960
29965
29970
29978
29983
29984
29991
30000
30003
30008
30010
30011
30015
30023
30028
30031
30032
30033
30034
30049
30056
30066
30075
30084
30085
30095
30099
30109
30116
30120
30122
30124
30133
30139
30140
30147
30155
30161
30171
30174
30175
30182
30189
30194
30196
30202
30204
30205
30206
30213
30217
30218
30219
30221
30223
30227
30231
30232
30241
30242
30243
30245
30247
30249
30250
30252
30257
30273
30275
30277
30285
30287
30298
30302
30303
30310
30316
30323
30324
30328
30331
30341
30344
30351
30354
30357
30360
30364
30365
30366
30367
30369
30381
30403
30407
30411
30413
30418
30420
30426
30431
30438
30441
30449
30453
30456
30457
30481
30487
30497
30498
30505
30507
30522
30523
30535
30536
30539
30541
30544
30545
30557
30558
30559
30560
30562
30569
30579
30581
30607
30608
30609
30610
30611
30613
30618
30620
30621
30625
30627
30628
30631
30636
30647
30648
30652
30654
30657
30662
30676
30677
30678
30683
30684
30692
30694
30695
30699
30701
30704
30705
30707
30709
30712
30713
30714
30715
30716
30717
30723
30728
30732
30739
30745
30748
30750
30752
30753
30754
30757
30758
30769
30776
30785
30791
30794
30810
30813
30825
30828
30844
30845
30852
30867
30873
30876
30881
30885
30892
30895
30915
30925
30926
30940
30956
30958
30959
30963
30964
30966
30971
30972
30973
30974
30983
30985
30997
30999
31001
31002
31003
31007
31008
31009
31011
31016
31025
31033
31050
31053
31066
31071
31072
31081
31084
31087
31098
31100
31101
31104
31121
31125
31128
31137
31149
31150
31155
31163
31177
31179
31181
31193
31196
31198
31199
31212
31230
31240
31247
31252
31254
31260
31271
31274
31287
31290
31294
31306
31309
31319
31321
31326
31333
31337
31345
31347
31350
31351
31358
31359
31361
31375
31376
31383
31384
31394
31398
31404
31406
31407
31411
31413
31418
31421
31424
31425
31429
31440
31442
31450
31452
31457
31466
31468
31472
31486
31487
31491
31492
31496
31505
31515
31518
31519
31541
31553
31556
31558
31562
31564
31565
31570
31575
31577
31590
31591
31593
31602
31603
31608
31618
31641
31652
31654
31674
31684
31687
31705
31707
31708
31712
31723
31724
31727
31734
31740
31741
31743
31745
31755
31769
31776
31777
31778
31789
31792
31795
31797
31800
31822
31825
31827
31828
31831
31836
31837
31850
31851
31859
31862
31865
31872
31873
31875
31876
31881
31883
31886
31889
31891
31892
31893
31895
31900
31904
31906
31907
31913
31918
31940
31945
31946
31950
31951
31954
31963
31966
31967
31973
31976
31978
31979
31980
31985
31987
31993
32000
32001
32002
32005
32007
32023
32025
32026
32027
32029
32046
32048
32049
32051
32065
32073
32085
32095
32096
32097
32099
32102
32108
32110
32118
32121
32126
32138
32139
32140
32142
32157
32160
32165
32166
32191
32192
32199
32202
32204
32207
32215
32217
32225
32228
32239
32249
32250
32270
32271
32281
32284
32290
32303
32307
32314
32315
32318
32320
32322
32323
32324
32328
32331
32335
32336
32337
32346
32347
32356
32360
32363
32367
32373
32375
32379
32380
32384
32392
32400
32405
32417
32421
32423
32426
32430
32436
32444
32449
32469
32476
32478
32486
32492
32498
32500
32508
32510
32511
32517
32522
32523
32533
32539
32543
32549
32551
32560
32564
32566
32571
32576
32581
32583
32600
32602
32607
32618
32629
32639
32642
32644
32650
32653
32662
32664
32668
32679
32680
32681
32687
32695
32696
32698
32704
32715
32731
32759
32762
32768
32775
32776
32778
32783
32792
32798
32802
32803
32804
32808
32810
32811
32821
32829
32830
32844
32849
32851
32880
32886
32889
32892
32898
32900
32908
32911
32916
32917
32923
32924
32925
32928
32930
32935
32936
32942
32947
32948
32949
32950
32955
32959
32961
32965
32973
32974
32975
32977
32980
32984
32985
32989
32996
33002
33015
33020
33022
33030
33033
33035
33042
33057
33060
33062
33063
33064
33065
33067
33070
33090
33092
33094
33096
33097
33100
33103
33109
33110
33115
33117
33118
33123
33127
33135
33139
33141
33147
33148
33149
33151
33156
33165
33176
33182
33187
33189
33190
33195
33199
33206
33213
33215
33218
33219
33234
33238
33246
33252
33254
33260
33263
33264
33278
33282
33284
33288
33290
33292
33301
33307
33311
33315
33337
33338
33346
33349
33351
33352
33359
33360
33372
33376
33377
33379
33380
33383
33385
33386
33392
33393
33405
33407
33414
33417
33423
33424
33425
33428
33437
33443
33447
33448
33454
33456
33459
33465
33479
33483
33487
33491
33508
33513
33525
33529
33538
33541
33542
33544
33546
33551
33561
33563
33565
33569
33573
33579
33580
33590
33591
33605
33613
33614
33616
33627
33629
33630
33632
33633
33634
33636
33638
33648
33653
33660
33673
33692
33693
33699
33700
33705
33706
33713
33722
33723
33727
33729
33731
33737
33742
33754
33758
33759
33761
33763
33767
33770
33771
33772
33779
33782
33800
33802
33808
33809
33819
33823
33833
33835
33836
33839
33840
33842
33851
33860
33865
33869
33872
33878
33884
33886
33891
33893
33894
33896
33897
33899
33900
33902
33903
33921
33922
33931
33932
33933
33937
33942
33946
33951
33954
33959
33968
33969
33974
33979
33982
33983
33995
33997
34002
34004
34005
34014
34015
34016
34017
34018
34027
34034
34035
34039
34044
34049
34052
34055
34057
34058
34063
34065
34069
34070
34073
34077
34078
34081
34084
34085
34105
34109
34112
34114
34117
34120
34122
34133
34138
34142
34143
34146
34147
34150
34152
34155
34159
34164
34167
34179
34187
34193
34205
34253
34256
34258
34260
34261
34267
34270
34271
34273
34277
34280
34282
34309
34311
34314
34319
34325
34327
34339
34347
34350
34351
34356
34369
34373
34374
34375
34376
34383
34384
34385
34388
34391
34396
34400
34402
34403
34414
34415
34420
34426
34427
34428
34432
34445
34446
34447
34448
34452
34466
34470
34476
34501
34502
34503
34504
34514
34523
34531
34533
34537
34551
34570
34574
34576
34581
34582
34591
34595
34601
34606
34607
34608
34620
34625
34627
34628
34634
34638
34642
34643
34644
34645
34647
34649
34661
34664
34673
34674
34679
34686
34688
34700
34705
34707
34712
34718
34741
34742
34745
34747
34767
34769
34779
34782
34790
34795
34802
34807
34812
34813
34818
34821
34825
34828
34830
34834
34840
34843
34850
34871
34872
34880
34882
34886
34893
34898
34899
34903
34905
34909
34911
34912
34914
34915
34919
34920
34922
34927
34938
34939
34945
34949
34959
34967
34980
34987
34988
34990
34991
34994
34995
35004
35016
35018
35019
35031
35042
35043
35050
35051
35052
35054
35059
35065
35067
35069
35070
35071
35072
35087
35097
35098
35101
35112
35114
35117
35122
35125
35129
35130
35132
35134
35137
35138
35140
35146
35147
35152
35159
35168
35171
35172
35178
35198
35199
35201
35202
35206
35214
35216
35223
35231
35232
35234
35246
35249
35251
35252
35258
35260
35263
35269
35271
35282
35284
35286
35287
35288
35292
35295
35301
35307
35310
35311
35312
35315
35316
35321
35324
35330
35338
35341
35352
35365
35373
35375
35377
35378
35381
35386
35390
35392
35394
35395
35400
35401
35403
35405
35410
35418
35422
35423
35433
35435
35437
35438
35442
35448
35450
35454
35456
35457
35462
35471
35477
35483
35502
35503
35507
35517
35519
35521
35522
35527
35529
35531
35534
35536
35538
35547
35554
35558
35559
35566
35567
35568
35572
35574
35578
35579
35580
35585
35588
35590
35593
35602
35606
35616
35618
35637
35642
35643
35644
35647
35651
35652
35653
35656
35657
35661
35664
35667
35669
35671
35674
35678
35679
35681
35687
35692
35700
35707
35709
35710
35721
35732
35733
35735
35736
35739
35741
35742
35743
35753
35760
35761
35762
35766
35768
35775
35778
35782
35788
35790
35792
35793
35797
35802
35804
35805
35806
35807
35813
35814
35818
35820
35825
35827
35829
35832
35834
35838
35839
35844
35846
35848
35849
35864
35870
35873
35875
35876
35877
35879
35881
35888
35891
35903
35904
35905
35909
35911
35914
35916
35934
35944
35946
35950
35951
35952
35957
35979
36004
36007
36011
36022
36024
36029
36032
36042
36050
36051
36052
36054
36055
36056
36058
36060
36061
36064
36072
36073
36074
36078
36080
36082
36083
36087
36091
36095
36098
36100
36109
36117
36123
36124
36127
36133
36135
36138
36140
36146
36154
36157
36159
36160
36163
36164
36170
36182
36183
36203
36218
36220
36222
36226
36229
36233
36237
36241
36244
36245
36250
36259
36276
36278
36281
36283
36290
36292
36297
36301
36304
36305
36307
36317
36321
36322
36326
36328
36331
36335
36343
36345
36348
36352
36355
36359
36360
36363
36365
36380
36384
36387
36389
36393
36394
36401
36405
36409
36421
36424
36425
36433
36437
36439
36441
36448
36449
36460
36463
36465
36470
36472
36473
36475
36478
36479
36481
36487
36492
36503
36507
36517
36523
36527
36535
36536
36537
36538
36546
36557
36558
36560
36589
36590
36595
36603
36607
36615
36622
36623
36626
36628
36629
36633
36645
36652
36653
36665
36666
36667
36669
36670
36677
36682
36684
36688
36690
36705
36709
36715
36721
36722
36723
36724
36725
36729
36736
36737
36741
36746
36747
36749
36754
36759
36760
36765
36768
36770
36778
36779
36788
36791
36795
36814
36821
36822
36827
36832
36835
36849
36851
36852
36858
36868
36874
36875
36876
36881
36883
36890
36892
36907
36910
36913
36914
36919
36920
36921
36924
36931
36937
36949
36950
36956
36958
36961
36962
36963
36964
36984
36985
36990
36995
36999
37002
37004
37005
37012
37027
37028
37030
37033
37039
37041
37067
37068
37069
37070
37079
37080
37081
37089
37091
37092
37093
37095
37097
37105
37108
37112
37118
37122
37135
37136
37144
37146
37147
37150
37151
37155
37160
37165
37167
37169
37170
37176
37184
37188
37189
37192
37193
37194
37196
37198
37205
37206
37208
37220
37222
37224
37230
37236
37237
37241
37245
37246
37253
37259
37261
37264
37266
37267
37268
37270
37271
37272
37280
37281
37289
37291
37294
37296
37300
37301
37309
37314
37317
37323
37325
37327
37333
37336
37340
37343
37345
37348
37363
37372
37373
37376
37377
37387
37390
37400
37401
37403
37415
37417
37430
37436
37439
37448
37456
37459
37460
37471
37481
37486
37488
37491
37492
37494
37507
37514
37516
37531
37534
37539
37540
37541
37545
37560
37561
37564
37571
37573
37577
37578
37579
37580
37581
37586
37588
37591
37592
37600
37608
37618
37623
37624
37625
37632
37634
37637
37638
37642
37645
37647
37651
37664
37680
37700
37723
37738
37741
37742
37745
37747
37751
37756
37758
37759
37771
37773
37789
37793
37795
37798
37810
37811
37844
37845
37846
37847
37859
37863
37868
37871
37882
37885
37894
37907
37910
37912
37915
37920
37936
37946
37951
37965
37968
37971
37975
37981
37988
37989
37990
37991
38001
38006
38008
38012
38015
38021
38022
38025
38037
38043
38048
38049
38053
38057
38061
38064
38068
38074
38080
38082
38084
38085
38086
38087
38091
38094
38095
38097
38103
38108
38128
38139
38144
38157
38158
38162
38166
38167
38169
38171
38179
38180
38184
38185
38187
38190
38194
38196
38199
38202
38203
38209
38211
38216
38220
38222
38232
38235
38239
38242
38247
38250
38252
38262
38269
38271
38272
38273
38277
38287
38293
38294
38309
38310
38312
38320
38321
38323
38328
38332
38333
38339
38340
38347
38350
38355
38359
38364
38366
38369
38389
38390
38391
38400
38407
38412
38415
38419
38429
38443
38445
38452
38454
38456
38473
38481
38482
38485
38487
38490
38493
38495
38497
38498
38500
38501
38505
38510
38529
38530
38533
38535
38536
38537
38539
38541
38561
38580
38587
38590
38591
38595
38603
38604
38610
38616
38621
38623
38627
38628
38629
38630
38631
38635
38639
38640
38641
38643
38646
38647
38648
38649
38650
38655
38657
38659
38673
38674
38675
38677
38691
38694
38699
38701
38702
38706
38707
38720
38727
38730
38732
38736
38745
38754
38763
38769
38771
38772
38784
38786
38787
38790
38807
38814
38818
38825
38836
38853
38857
38861
38864
38868
38870
38871
38876
38877
38880
38890
38895
38904
38925
38936
38938
38946
38953
38959
38962
38975
38987
38992
38996
39001
39002
39028
39029
39030
39031
39034
39036
39037
39040
39051
39052
39062
39068
39071
39076
39077
39081
39082
39086
39088
39089
39091
39092
39104
39114
39118
39120
39121
39125
39127
39134
39162
39164
39165
39169
39170
39173
39175
39176
39180
39181
39182
39188
39190
39196
39197
39198
39199
39202
39208
39216
39225
39226
39227
39230
39231
39232
39234
39237
39238
39239
39247
39248
39249
39255
39256
39260
39266
39268
39274
39276
39282
39284
39290
39293
39294
39299
39301
39303
39307
39308
39311
39316
39317
39319
39320
39323
39325
39327
39329
39335
39340
39345
39347
39349
39367
39370
39377
39389
39390
39391
39398
39399
39414
39416
39420
39430
39432
39433
39438
39447
39455
39463
39465
39467
39475
39476
39479
39492
39499
39500
39508
39531
39533
39554
39559
39564
39565
39571
39573
39574
39578
39582
39587
39588
39589
39593
39595
39596
39597
39599
39602
39603
39605
39619
39620
39630
39639
39648
39660
39661
39662
39670
39673
39691
39693
39715
39717
39718
39723
39724
39725
39728
39733
39734
39741
39742
39743
39744
39751
39759
39773
39777
39787
39795
39798
39799
39801
39804
39806
39810
39812
39820
39821
39831
39834
39839
39841
39845
39849
39854
39857
39859
39861
39864
39867
39873
39879
39888
39898
39899
39903
39905
39906
39920
39923
39926
39927
39929
39942
39945
39948
39955
39961
39963
39973
39976
39977
39979
39980
39981
39983
39985
39997
39999
40000
40001
40002
40003
40004
40006
40007
40008
40009
40010
40015
40021
40026
40035
40036
40037
40044
40046
40049
40054
40060
40067
40071
40075
40078
40080
40083
40084
40085
40088
40092
40103
40106
40112
40115
40116
40119
40120
40131
40132
40133
40136
40155
40179
40182
40183
40195
40200
40206
40207
40208
40213
40215
40220
40226
40230
40235
40239
40249
40260
40262
40263
40271
40274
40275
40284
40285
40288
40291
40302
40312
40315
40317
40326
40328
40334
40336
40356
40357
40364
40376
40380
40390
40395
40406
40407
40409
40410
40411
40418
40422
40434
40436
40448
40451
40452
40453
40455
40460
40468
40475
40477
40484
40488
40490
40491
40494
40502
40508
40525
40527
40535
40575
40576
40578
40583
40584
40586
40589
40592
40595
40597
40601
40604
40608
40609
40610
40611
40612
40613
40621
40625
40631
40632
40634
40638
40641
40645
40646
40657
40665
40667
40670
40685
40687
40693
40694
40697
40708
40711
40719
40720
40721
40723
40729
40737
40745
40774
40782
40784
40786
40787
40788
40790
40800
40802
40805
40809
40811
40822
40829
40836
40851
40856
40861
40867
40870
40874
40880
40884
40891
40896
40898
40899
40900
40903
40909
40914
40929
40934
40939
40941
40944
40948
40962
40973
40974
40983
40988
40990
40991
40998
41001
41004
41008
41014
41016
41023
41026
41027
41035
41036
41039
41040
41042
41051
41057
41061
41065
41070
41074
41075
41080
41085
41091
41100
41104
41111
41114
41115
41120
41124
41130
41139
41142
41149
41150
41154
41161
41162
41169
41172
41187
41191
41197
41201
41203
41206
41212
41219
41225
41231
41259
41276
41279
41281
41285
41298
41304
41311
41313
41315
41318
41322
41325
41327
41329
41340
41348
41354
41358
41361
41367
41370
41415
41430
41437
41455
41457
41460
41465
41466
41492
41509
41520
41522
41523
41531
41534
41540
41541
41545
41550
41551
41556
41559
41560
41561
41562
41570
41571
41573
41580
41589
41595
41596
41599
41606
41608
41610
41618
41626
41627
41629
41630
41631
41637
41649
41654
41656
41662
41665
41668
41674
41683
41687
41689
41693
41695
41704
41708
41713
41719
41723
41724
41733
41740
41746
41748
41765
41773
41774
41775
41787
41791
41793
41795
41809
41810
41811
41813
41816
41821
41830
41835
41846
41856
41857
41858
41860
41865
41872
41887
41889
41901
41902
41912
41916
41918
41921
41924
41926
41930
41931
41939
41943
41944
41945
41949
41950
41951
41958
41961
41964
41978
41979
41983
41988
41993
41996
41998
42005
42007
42013
42019
42023
42024
42056
42060
42066
42075
42095
42112
42116
42121
42129
42130
42132
42153
42165
42173
42181
42187
42201
42211
42234
42235
42240
42243
42254
42264
42298
42299
42304
42313
42324
42332
42349
42351
42362
42368
42370
42373
42391
42400
42418
42448
42458
42459
42463
42468
42484
42498
42512
42539
42566
42575
42577
42593
42596
42602
42633
42634
42636
42653
42655
42660
42672
42677
42685
42704
42709
42712
42713
42718
42724
42725
42737
42748
42750
42751
42760
42761
42795
42796
42797
42798
42801
42812
42818
42820
42827
42837
42847
42848
42849
42860
42861
42862
42865
42874
42878
42885
42895
42902
42905
42907
42914
42918
42920
42922
42923
42931
42940
42945
42949
42957
42963
42966
42967
42972
42983
42987
42988
42989
42992
42997
43005
43009
43011
43030
43037
43039
43041
43042
43053
43057
43058
43059
43061
43062
43063
43066
43067
43068
43069
43083
43088
43090
43096
43100
43101
43108
43117
43121
43138
43160
43165
43183
43189
43192
43195
43201
43204
43208
43215
43223
43224
43233
43237
43245
43250
43257
43264
43273
43274
43276
43284
43285
43288
43290
43300
43315
43316
43319
43322
43325
43327
43332
43338
43341
43342
43344
43346
43351
43354
43363
43368
43376
43380
43382
43387
43392
43394
43397
43404
43409
43412
43414
43418
43432
43437
43440
43441
43465
43466
43467
43469
43478
43479
43480
43481
43487
43503
43506
43508
43512
43521
43541
43548
43555
43565
43566
43567
43570
43571
43574
43575
43577
43579
43585
43587
43593
43612
43623
43631
43634
43635
43637
43643
43655
43662
43663
43666
43667
43671
43676
43680
43685
43686
43689
43693
43706
43722
43727
43728
43733
43735
43737
43743
43749
43756
43763
43766
43783
43788
43789
43790
43791
43800
43807
43808
43839
43841
43845
43846
43849
43853
43854
43864
43865
43866
43873
43874
43912
43916
43921
43923
43924
43937
43942
43949
43963
43969
43970
43971
43974
43976
43979
43990
43995
44014
44019
44026
44028
44029
44048
44058
44071
44082
44084
44085
44102
44104
44110
44117
44124
44125
44139
44146
44150
44157
44186
44214
44221
44224
44226
44227
44228
44230
44231
44235
44237
44239
44257
44258
44262
44263
44272
44287
44301
44305
44323
44341
44366
44377
44383
44384
44390
44391
44399
44405
44406
44413
44415
44422
44440
44442
44444
44445
44458
44462
44482
44488
44489
44490
44493
44499
44500
44507
44513
44531
44552
44559
44562
44580
44583
44587
44596
44600
44604
44607
44610
44632
44638
44640
44670
44676
44680
44719
44735
44742
44743
44745
44751
44774
44776
44779
44781
44804
44812
44815
44816
44818
44825
44826
44837
44839
44844
44845
44846
44849
44850
44870
44879
44880
44884
44887
44889
44892
44902
44909
44910
44914
44917
44918
44924
44925
44926
44927
44941
44948
44949
44956
44972
44979
44980
44983
44984
44986
44988
44991
44998
45000
45003
45005
45007
45013
45017
45022
45027
45030
45035
45037
45040
45042
45043
45046
45051
45064
45065
45072
45087
45092
45099
45107
45110
45114
45116
45117
45118
45121
45128
45131
45132
45133
45141
45154
45163
45181
45186
45187
45191
45202
45204
45209
45215
45218
45222
45224
45227
45230
45235
45237
45241
45259
45260
45261
45268
45279
45282
45286
45287
45290
45301
45302
45326
45342
45351
45362
45375
45380
45396
45413
45414
45415
45418
45423
45428
45437
45458
45459
45466
45473
45479
45485
45488
45497
45504
45507
45512
45518
45521
45523
45535
45544
45552
45555
45556
45566
45578
45580
45582
45583
45594
45595
45599
45600
45604
45613
45619
45624
45632
45634
45636
45637
45638
45656
45664
45673
45674
45681
45687
45688
45694
45698
45700
45703
45705
45725
45730
45740
45748
45753
45754
45758
45760
45763
45764
45765
45772
45773
45779
45780
45784
45790
45792
45793
45802
45808
45810
45813
45822
45843
45851
45857
45860
45861
45864
45866
45867
45871
45874
45878
45882
45893
45898
45902
45905
45917
45929
45931
45937
45945
45958
45961
45965
45968
45975
45979
45980
45986
46003
46005
46008
46021
46022
46024
46034
46043
46044
46050
46052
46057
46058
46061
46068
46081
46082
46086
46088
46089
46094
46103
46105
46120
46126
46143
46148
46149
46159
46181
46183
46187
46198
46201
46220
46228
46234
46236
46239
46240
46267
46275
46279
46281
46288
46313
46317
46319
46324
46327
46346
46351
46353
46361
46362
46375
46380
46382
46387
46388
46393
46397
46406
46413
46414
46427
46430
46434
46436
46444
46447
46451
46461
46464
46466
46468
46470
46485
46499
46517
46518
46521
46522
46523
46525
46532
46541
46543
46545
46550
46564
46567
46571
46572
46577
46580
46593
46596
46610
46616
46620
46627
46630
46641
46649
46653
46670
46674
46676
46699
46702
46705
46719
46755
46759
46778
46779
46780
46782
46790
46793
46795
46796
46801
46804
46805
46823
46829
46830
46831
46832
46836
46842
46845
46847
46849
46857
46858
46867
46872
46891
46892
46894
46895
46896
46900
46902
46917
46918
46926
46931
46933
46938
46947
46953
46957
46965
46966
46968
46970
46973
46974
46983
46991
46993
46995
47002
47005
47006
47011
47013
47018
47021
47029
47030
47042
47048
47052
47056
47057
47058
47062
47068
47080
47084
47103
47108
47119
47126
47127
47129
47142
47148
47154
47162
47164
47166
47170
47178
47179
47184
47185
47187
47199
47212
47215
47229
47237
47251
47267
47274
47276
47283
47284
47288
47289
47291
47300
47317
47320
47322
47325
47329
47330
47337
47338
47340
47341
47346
47348
47349
47350
47354
47355
47357
47359
47361
47362
47363
47367
47369
47370
47377
47384
47388
47391
47404
47405
47406
47408
47410
47411
47419
47423
47426
47430
47433
47435
47438
47447
47456
47468
47469
47477
47479
47483
47485
47491
47493
47519
47528
47530
47537
47540
47555
47559
47563
47564
47566
47570
47575
47576
47580
47587
47593
47598
47609
47614
47619
47620
47623
47635
47643
47659
47661
47664
47674
47678
47680
47681
47688
47697
47707
47708
47717
47719
47725
47726
47734
47737
47739
47745
47759
47764
47787
47789
47805
47808
47819
47821
47822
47826
47827
47848
47854
47871
47872
47873
47877
47884
47885
47887
47892
47923
47943
47944
47945
47955
47971
47977
47978
47983
47985
47987
47988
47989
47993
48003
48005
48013
48014
48022
48025
48028
48031
48036
48039
48042
48044
48046
48047
48048
48056
48057
48062
48066
48072
48075
48076
48079
48083
48095
48101
48103
48105
48107
48116
48117
48123
48124
48127
48131
48139
48153
48156
48174
48181
48190
48199
48206
48209
48212
48223
48230
48235
48238
48253
48271
48272
48273
48288
48290
48295
48296
48305
48321
48329
48338
48339
48341
48342
48344
48347
48354
48362
48366
48367
48368
48369
48376
48387
48401
48416
48418
48422
48425
48429
48430
48431
48432
48435
48444
48452
48467
48484
48491
48494
48497
48498
48501
48503
48508
48512
48517
48520
48521
48526
48538
48539
48540
48541
48546
48570
48571
48575
48578
48580
48581
48585
48586
48588
48589
48595
48599
48636
48638
48641
48644
48645
48646
48669
48673
48677
48678
48681
48684
48690
48692
48699
48707
48708
48718
48770
48772
48783
48795
48796
48798
48807
48812
48835
48836
48856
48857
48858
48867
48868
48871
48872
48873
48881
48893
48895
48896
48897
48901
48912
48920
48921
48925
48932
48936
48938
48945
48956
48957
48962
48963
48972
48975
48978
48979
48986
48987
48988
48994
48999
49000
49001
49021
49025
49041
49050
49076
49077
49079
49092
49099
49107
49109
49119
49125
49138
49143
49147
49153
49156
49161
49162
49170
49182
49187
49188
49193
49197
49202
49205
49207
49208
49223
49224
49226
49231
49235
49242
49243
49263
49265
49278
49292
49293
49299
49325
49326
49331
49336
49345
49350
49352
49363
49364
49366
49371
49376
49380
49385
49388
49393
49396
49400
49401
49410
49411
49412
49415
49416
49417
49418
49424
49425
49431
49432
49433
49436
49441
49442
49447
49463
49469
49470
49473
49474
49476
49480
49483
49489
49503
49505
49506
49521
49527
49560
49565
49567
49568
49584
49594
49614
49623
49650
49656
49667
49668
49672
49685
49691
49695
49712
49718
49721
49722
49723
49732
49736
49743
49744
49764
49774
49780
49781
49782
49786
49792
49798
49802
49804
49814
49823
49826
49848
49851
49854
49856
49860
49861
49862
49868
49875
49887
49891
49893
49895
49896
49904
49909
49910
49912
49916
49921
49924
49928
49929
49930
49931
49932
49933
49934
49937
49939
49941
49942
49943
49945
49947
49948
49949
49950
49951
49953
49954
49955
49956
49958
49961
49965
49967
49968
49971
49973
49975
49976
49977
49978
49979
49982
49983
49984
49985
49986
49989
49990
49991
49993
49994
49996
49998
50000
50006
50007
50008
50011
50014
50018
50019
50020
50026
50027
50031
50032
50035
50037
50044
50046
50060
50061
50062
50065
50072
50087
50091
50096
50110
50128
50132
50145
50147
50150
50161
50163
50168
50175
50176
50183
50201
50207
50208
50210
50213
50214
50226
50257
50261
50267
50278
50285
50289
50291
50292
50295
50302
50312
50317
50326
50327
50328
50330
50332
50334
50339
50340
50341
50356
50362
50364
50365
50367
50369
50372
50383
50387
50388
50392
50405
50409
50420
50421
50426
50430
50432
50433
50437
50441
50455
50458
50465
50474
50475
50479
50480
50483
50484
50486
50508
50509
50514
50520
50523
50531
50549
50551
50561
50562
50564
50566
50570
50575
50593
50597
50600
50604
50606
50610
50620
50634
50635
50636
50643
50644
50646
50653
50655
50661
50674
50682
50689
50692
50693
50695
50698
50699
50700
50702
50706
50707
50710
50715
50717
50730
50738
50739
50742
50744
50747
50753
50755
50762
50786
50806
50827
50851
50869
50877
50881
50883
50893
50924
50927
50935
50961
50972
50976
50984
50986
50993
50995
51000
51002
51005
51009
51027
51028
51030
51032
51035
51038
51055
51060
51067
51071
51076
51090
51103
51126
51130
51132
51135
51139
51142
51143
51146
51159
51160
51161
51162
51163
51166
51171
51174
51181
51182
51189
51191
51205
51207
51213
51220
51231
51232
51235
51239
51241
51247
51248
51249
51250
51252
51256
51261
51264
51271
51285
51292
51305
51309
51316
51322
51329
51333
51334
51359
51374
51385
51389
51391
51393
51397
51400
51412
51414
51420
51421
51422
51423
51435
51437
51440
51443
51462
51464
51474
51475
51477
51501
51517
51522
51523
51525
51526
51531
51534
51548
51554
51555
51566
51573
51576
51584
51590
51593
51594
51604
51615
51618
51620
51627
51635
51636
51639
51642
51648
51655
51662
51668
51670
51684
51685
51686
51690
51699
51715
51721
51746
51756
51759
51760
51766
51773
51782
51792
51797
51799
51803
51804
51807
51812
51830
51846
51847
51856
51860
51865
51869
51881
51902
51908
51916
51918
51925
51930
51944
51960
51962
51968
51970
51971
51972
51975
51979
51982
51988
51989
51994
51995
52006
52014
52016
52017
52023
52026
52028
52029
52031
52037
52041
52060
52063
52068
52069
52071
52073
52078
52079
52085
52091
52093
52100
52104
52108
52111
52127
52131
52138
52152
52157
52158
52159
52164
52170
52173
52174
52175
52179
52185
52187
52188
52196
52201
52213
52223
52225
52226
52227
52228
52230
52232
52248
52250
52254
52256
52258
52261
52274
52275
52284
52290
52294
52295
52313
52327
52340
52342
52345
52353
52354
52355
52359
52360
52363
52368
52373
52374
52379
52380
52381
52387
52396
52405
52413
52427
52435
52448
52452
52454
52468
52487
52488
52490
52493
52494
52496
52502
52504
52505
52509
52516
52520
52529
52536
52537
52548
52551
52567
52570
52587
52603
52604
52606
52607
52610
52615
52622
52627
52633
52646
52648
52652
52656
52665
52667
52675
52677
52681
52683
52686
52698
52700
52706
52712
52733
52738
52740
52745
52746
52747
52752
52766
52771
52774
52783
52800
52808
52810
52819
52824
52829
52842
52847
52851
52859
52861
52865
52866
52867
52886
52908
52911
52934
52956
52958
52964
52969
52984
52989
52993
53017
53025
53049
53055
53063
53065
53073
53076
53105
53108
53124
53127
53129
53152
53163
53169
53185
53194
53202
53218
53219
53237
53243
53265
53281
53308
53340
53357
53363
53379
53385
53395
53405
53406
53411
53448
53451
53453
53485
53494
53498
53508
53511
53524
53528
53529
53531
53537
53538
53546
53573
53586
53595
53601
53636
53642
53643
53648
53649
53678
53680
53689
53692
53695
53700
53719
53721
53738
53739
53745
53753
53755
53764
53769
53778
53780
53802
53810
53821
53827
53829
53838
53841
53847
53849
53851
53855
53859
53862
53864
53865
53883
53897
53898
53906
53919
53920
53921
53926
53927
53941
53942
53946
53948
53960
53973
53980
53983
53993
54009
54011
54015
54016
54026
54031
54040
54044
54050
54060
54070
54075
54080
54088
54096
54101
54121
54123
54129
54139
54148
54150
54156
54170
54172
54175
54177
54179
54199
54205
54213
54220
54227
54234
54247
54256
54263
54266
54271
54279
54292
54308
54315
54340
54351
54352
54373
54382
54393
54395
54400
54403
54409
54424
54430
54432
54434
54441
54455
54469
54491
54492
54501
54504
54507
54508
54512
54525
54530
54533
54552
54553
54562
54569
54573
54596
54599
54600
54609
54613
54616
54617
54621
54623
54631
54633
54638
54654
54658
54672
54690
54695
54700
54701
54716
54719
54720
54724
54737
54738
54739
54740
54741
54746
54762
54763
54766
54768
54769
54770
54771
54772
54775
54776
54779
54780
54781
54784
54785
54787
54788
54790
54814
54819
54821
54823
54834
54845
54860
54864
54870
54876
54885
54886
54896
54899
54903
54912
54913
54922
54932
54942
54945
54953
54955
54995
55002
55006
55009
55041
55053
55058
55060
55081
55082
55089
55093
55098
55100
55101
55108
55116
55118
55126
55135
55139
55142
55158
55166
55173
55174
55175
55187
55216
55217
55220
55222
55241
55245
55247
55262
55265
55273
55277
55288
55293
55294
55306
55307
55313
55315
55316
55322
55325
55326
55332
55347
55372
55381
55382
55389
55391
55399
55409
55414
55420
55423
55435
55444
55447
55450
55452
55456
55459
55460
55466
55467
55468
55476
55477
55487
55489
55493
55500
55512
55524
55530
55537
55540
55544
55568
55571
55584
55590
55611
55613
55621
55627
55635
55640
55645
55649
55658
55669
55677
55683
55695
55704
55707
55709
55713
55715
55724
55725
55726
55727
55757
55764
55766
55774
55784
55802
55808
55814
55815
55816
55817
55831
55838
55849
55851
55853
55861
55873
55882
55883
55886
55897
55913
55916
55929
55930
55948
55951
55957
55958
55960
55961
55962
55996
56003
56004
56012
56017
56018
56023
56030
56035
56044
56047
56050
56053
56070
56072
56083
56088
56106
56109
56112
56122
56145
56155
56156
56162
56163
56166
56168
56190
56193
56219
56223
56225
56241
56244
56248
56251
56254
56255
56256
56264
56266
56274
56281
56284
56290
56292
56318
56330
56334
56344
56349
56353
56356
56361
56372
56374
56381
56384
56402
56409
56410
56411
56413
56418
56428
56438
56449
56473
56487
56497
56505
56509
56521
56527
56535
56540
56545
56562
56566
56567
56569
56586
56593
56595
56598
56606
56610
56618
56635
56638
56641
56642
56662
56664
56677
56678
56705
56707
56713
56715
56728
56746
56755
56763
56769
56771
56776
56780
56807
56812
56823
56826
56831
56834
56839
56840
56852
56857
56868
56886
56892
56893
56899
56902
56907
56908
56921
56925
56926
56932
56940
56942
56948
56967
56971
56981
56987
57008
57026
57030
57041
57052
57058
57065
57071
57090
57094
57114
57119
57124
57129
57153
57158
57160
57161
57169
57170
57175
57200
57204
57207
57216
57238
57239
57261
57263
57267
57269
57293
57312
57313
57346
57363
57365
57367
57368
57375
57383
57393
57422
57428
57429
57444
57450
57459
57471
57481
57484
57539
57542
57548
57554
57557
57558
57588
57590
57600
57623
57633
57640
57643
57649
57682
57685
57692
57700
57705
57706
57711
57713
57714
57715
57729
57740
57742
57747
57750
57760
57762
57783
57798
57800
57804
57815
57819
57821
57824
57830
57838
57839
57844
57858
57865
57885
57907
57909
57913
57919
57920
57922
57929
57932
57961
57968
57973
57983
57985
58015
58036
58040
58044
58049
58072
58074
58079
58096
58104
58106
58115
58145
58155
58164
58174
58179
58190
58193
58205
58206
58213
58218
58228
58229
58230
58235
58247
58256
58270
58273
58292
58295
58298
58301
58327
58343
58350
58357
58365
58368
58370
58375
58381
58391
58394
58402
58434
58463
58464
58466
58481
58490
58496
58498
58505
58508
58531
58541
58564
58567
58583
58588
58598
58599
58614
58630
58632
58638
58644
58648
58649
58654
58655
58657
58659
58665
58680
58687
58690
58691
58703
58705
58712
58714
58718
58721
58722
58726
58743
58752
58756
58770
58771
58773
58781
58786
58791
58814
58828
58830
58840
58842
58845
58854
58855
58869
58874
58875
58883
58888
58906
58915
58927
58928
58930
58938
58946
58948
58967
58970
58974
58982
58998
59001
59013
59014
59027
59030
59031
59037
59038
59041
59050
59058
59059
59060
59066
59070
59071
59074
59076
59078
59086
59089
59101
59104
59126
59128
59152
59160
59161
59170
59172
59178
59185
59187
59195
59208
59213
59216
59238
59239
59243
59246
59264
59272
59289
59299
59306
59325
59364
59378
59407
59417
59420
59428
59440
59442
59449
59455
59458
59461
59466
59468
59478
59488
59492
59495
59517
59518
59521
59528
59537
59569
59572
59573
59579
59582
59583
59585
59586
59587
59593
59595
59597
59599
59600
59601
59611
59618
59620
59632
59633
59640
59658
59674
59677
59690
59705
59711
59719
59721
59727
59733
59742
59754
59756
59763
59775
59780
59782
59802
59819
59822
59833
59835
59839
59852
59854
59855
59863
59870
59871
59879
59906
59917
59918
59922
59932
59936
59960
59970
59974
59978
59994
59998
60025
60033
60035
60042
60049
60052
60064
60091
60093
60095
60133
60162
60186
60190
60191
60192
60197
60210
60211
60213
60217
60231
60233
60234
60235
60237
60244
60249
60251
60258
60260
60279
60284
60287
60288
60296
60297
60298
60301
60308
60310
60311
60312
60321
60322
60329
60331
60339
60343
60345
60350
60352
60375
60383
60394
60396
60406
60410
60422
60423
60432
60446
60448
60451
60457
60458
60460
60472
60473
60480
60493
60498
60503
60505
60508
60521
60527
60553
60574
60575
60579
60589
60592
60596
60597
60599
60600
60606
60609
60613
60614
60629
60630
60633
60649
60650
60651
60657
60658
60660
60662
60665
60676
60682
60684
60685
60734
60736
60773
60789
60797
60813
60823
60843
60857
60862
60873
60876
60878
60881
60886
60892
60895
60919
60920
60928
60935
60943
60948
60949
60950
60951
60955
60956
60957
60961
60969
60982
60983
60985
61009
61013
61021
61025
61029
61037
61038
61047
61049
61051
61054
61055
61056
61062
61065
61066
61068
61069
61074
61077
61090
61092
61097
61109
61110
61115
61116
61120
61126
61129
61130
61133
61135
61141
61142
61144
61157
61179
61180
61187
61192
61209
61216
61227
61229
61236
61242
61254
61262
61267
61272
61276
61277
61282
61292
61296
61303
61306
61316
61335
61340
61342
61345
61357
61364
61366
61371
61394
61409
61411
61412
61418
61420
61425
61435
61448
61452
61453
61466
61475
61478
61497
61499
61506
61509
61514
61523
61524
61533
61535
61537
61542
61550
61557
61558
61564
61575
61591
61594
61596
61608
61612
61621
61622
61627
61632
61642
61657
61667
61673
61689
61690
61691
61697
61704
61705
61707
61708
61714
61720
61721
61737
61740
61746
61752
61756
61767
61779
61793
61796
61810
61820
61825
61839
61865
61869
61870
61871
61878
61889
61898
61924
61929
61930
61932
61933
61937
61940
61945
61949
61956
61958
61959
61964
61972
61974
61978
61987
62010
62016
62052
62054
62055
62059
62061
62069
62073
62074
62075
62077
62085
62092
62093
62096
62098
62101
62102
62106
62107
62108
62114
62115
62119
62124
62126
62129
62130
62132
62140
62141
62148
62155
62156
62158
62159
62163
62171
62176
62177
62178
62180
62182
62184
62192
62195
62197
62199
62203
62204
62220
62225
62229
62235
62238
62242
62246
62250
62254
62257
62262
62264
62267
62273
62288
62290
62293
62295
62296
62297
62307
62311
62312
62339
62342
62343
62351
62352
62353
62364
62381
62395
62400
62407
62413
62416
62417
62428
62432
62435
62439
62448
62449
62452
62454
62456
62458
62481
62486
62497
62530
62541
62544
62549
62551
62553
62564
62565
62575
62577
62586
62588
62591
62592
62600
62603
62607
62611
62612
62613
62617
62618
62630
62632
62651
62681
62682
62703
62734
62735
62741
62771
62774
62781
62788
62795
62797
62798
62799
62800
62804
62814
62815
62836
62855
62860
62866
62883
62887
62888
62900
62907
62908
62909
62921
62922
62923
62930
62957
62988
62989
62993
63006
63007
63009
63011
63017
63023
63025
63027
63032
63036
63040
63050
63051
63052
63062
63067
63070
63072
63080
63082
63102
63106
63109
63119
63124
63125
63129
63131
63132
63134
63139
63142
63150
63151
63153
63157
63158
63167
63169
63170
63178
63213
63228
63230
63235
63236
63240
63242
63250
63264
63265
63272
63278
63289
63290
63297
63300
63303
63321
63322
63323
63338
63343
63352
63356
63371
63379
63380
63382
63392
63400
63406
63407
63413
63416
63418
63422
63423
63430
63436
63437
63442
63446
63456
63460
63461
63468
63469
63470
63476
63487
63497
63513
63517
63521
63525
63528
63531
63538
63544
63551
63557
63558
63562
63577
63581
63584
63594
63612
63615
63634
63638
63664
63668
63673
63675
63685
63689
63691
63693
63698
63710
63713
63724
63725
63737
63741
63744
63752
63765
63774
63776
63787
63793
63795
63807
63816
63821
63827
63831
63836
63839
63859
63864
63870
63873
63876
63879
63885
63891
63903
63916
63923
63936
63942
63947
63949
63957
63965
63972
63979
63991
63993
63999
64003
64006
64008
64032
64037
64038
64050
64051
64056
64059
64061
64065
64069
64090
64092
64116
64117
64123
64124
64128
64137
64138
64150
64151
64160
64165
64167
64168
64171
64174
64175
64176
64187
64188
64202
64204
64205
64212
64214
64215
64216
64237
64239
64244
64256
64258
64259
64261
64270
64280
64283
64291
64292
64311
64313
64321
64327
64329
64333
64335
64337
64344
64347
64349
64353
64360
64371
64374
64377
64392
64393
64411
64415
64416
64418
64429
64432
64433
64445
64460
64474
64484
64492
64496
64501
64502
64507
64510
64512
64514
64519
64520
64524
64526
64531
64535
64537
64539
64553
64558
64559
64560
64562
64563
64565
64580
64583
64587
64620
64626
64629
64635
64637
64639
64644
64649
64650
64663
64668
64669
64675
64681
64692
64701
64710
64718
64720
64724
64741
64742
64745
64749
64753
64757
64762
64763
64774
64775
64779
64780
64783
64787
64794
64808
64822
64823
64832
64834
64846
64853
64858
64860
64863
64865
64874
64922
64933
64939
64940
64941
64947
64951
64956
64966
64976
64981
64988
64994
64995
65002
65005
65008
65014
65017
65027
65028
65030
65031
65033
65034
65050
65056
65058
65064
65066
65067
65072
65073
65074
65078
65080
65081
65083
65084
65086
65087
65088
65092
65099
65102
65103
65104
65107
65108
65109
65111
65112
65113
65116
65117
65118
65126
65131
65137
65138
65143
65148
65149
65154
65160
65162
65165
65169
65176
65179
65180
65184
65186
65190
65199
65209
65220
65237
65238
65243
65263
65268
65270
65271
65276
65278
65279
65280
65284
65294
65299
65300
65303
65304
65322
65327
65328
65329
65337
65343
65345
65350
65366
65379
65400
65404
65412
65422
65423
65424
65426
65429
65433
65439
65444
65456
65460
65461
65466
65478
65482
65491
65493
65495
65499
65501
65505
65507
65509
65510
65516
65518
65521
65528
65529
65530
65532
65535
65537
65543
65557
65563
65565
65579
65580
65582
65591
65594
65597
65605
65619
65629
65631
65633
65636
65637
65641
65648
65651
65652
65662
65668
65672
65676
65680
65685
65687
65688
65692
65693
65696
65699
65700
65703
65704
65709
65712
65714
65716
65717
65718
65743
65752
65754
65764
65766
65780
65781
65782
65787
65809
65814
65815
65816
65831
65834
65835
65846
65847
65848
65850
65851
65852
65865
65866
65867
65876
65885
65888
65889
65898
65904
65907
65910
65914
65919
65920
65926
65933
65934
65936
65967
65974
65976
65980
65984
66005
66008
66009
66011
66012
66015
66018
66025
66027
66038
66043
66048
66050
66059
66062
66074
66076
66077
66092
66115
66119
66121
66123
66128
66131
66144
66155
66158
66166
66167
66180
66193
66196
66199
66203
66205
66218
66220
66230
66231
66245
66263
66272
66279
66280
66283
66299
66301
66302
66308
66311
66317
66320
66325
66327
66328
66369
66373
66385
66387
66395
66404
66406
66413
66416
66426
66434
66440
66443
66446
66451
66461
66463
66470
66474
66483
66487
66502
66505
66508
66509
66510
66512
66523
66528
66530
66531
66532
66534
66540
66546
66554
66559
66567
66584
66597
66601
66603
66607
66614
66625
66653
66662
66664
66676
66682
66687
66708
66716
66717
66731
66743
66744
66757
66780
66786
66789
66791
66795
66815
66828
66837
66861
66870
66876
66891
66901
66918
66921
66923
66928
66937
66954
66962
66963
66964
66981
66986
66994
67004
67018
67022
67032
67040
67041
67043
67056
67061
67062
67084
67091
67097
67098
67105
67108
67110
67113
67125
67129
67132
67135
67136
67150
67151
67160
67163
67171
67172
67175
67182
67183
67184
67185
67186
67194
67196
67214
67216
67219
67222
67232
67245
67251
67255
67261
67273
67279
67285
67286
67287
67290
67294
67306
67308
67309
67310
67318
67320
67322
67324
67334
67337
67339
67340
67344
67348
67349
67382
67405
67413
67422
67427
67430
67436
67445
67465
67469
67478
67481
67484
67485
67489
67523
67532
67543
67567
67568
67575
67576
67577
67578
67579
67591
67607
67609
67622
67625
67627
67641
67646
67649
67653
67655
67665
67668
67676
67677
67678
67683
67693
67698
67712
67713
67720
67724
67726
67733
67739
67749
67752
67755
67757
67775
67784
67785
67786
67790
67799
67805
67806
67809
67811
67813
67818
67820
67822
67825
67832
67852
67855
67873
67880
67885
67886
67887
67890
67891
67899
67908
67925
67936
67951
67960
67966
67968
68008
68015
68018
68020
68022
68023
68025
68041
68043
68044
68047
68058
68061
68067
68069
68071
68072
68080
68082
68087
68088
68090
68092
68110
68120
68126
68133
68139
68140
68144
68149
68153
68154
68159
68160
68173
68174
68176
68177
68178
68180
68181
68185
68201
68204
68223
68224
68226
68230
68231
68245
68264
68280
68287
68290
68295
68298
68301
68305
68306
68307
68308
68317
68319
68320
68326
68338
68342
68350
68354
68355
68358
68361
68362
68371
68374
68377
68379
68383
68405
68410
68422
68432
68458
68460
68463
68464
68465
68474
68476
68481
68482
68485
68496
68502
68512
68514
68521
68525
68527
68530
68541
68544
68545
68551
68558
68561
68562
68565
68575
68577
68578
68584
68591
68600
68606
68623
68627
68637
68651
68653
68654
68655
68666
68689
68697
68700
68718
68720
68724
68730
68746
68755
68757
68761
68763
68765
68769
68792
68796
68798
68799
68800
68801
68802
68819
68843
68844
68864
68872
68874
68877
68884
68885
68898
68905
68908
68942
68956
68965
68971
68972
68973
68976
68983
68984
68985
68995
68996
68997
68998
69003
69005
69020
69023
69036
69042
69064
69071
69074
69077
69083
69087
69091
69094
69101
69104
69110
69112
69118
69120
69131
69133
69139
69140
69153
69159
69161
69166
69170
69184
69188
69189
69190
69195
69197
69199
69204
69206
69208
69209
69210
69211
69213
69214
69215
69216
69217
69218
69221
69226
69231
69239
69243
69248
69249
69250
69264
69265
69269
69270
69271
69286
69290
69291
69297
69310
69311
69315
69317
69322
69323
69348
69352
69353
69361
69368
69379
69380
69393
69394
69406
69409
69411
69413
69415
69420
69425
69431
69456
69485
69487
69488
69492
69499
69500
69505
69506
69510
69514
69528
69531
69539
69545
69548
69553
69556
69564
69568
69569
69581
69585
69587
69593
69605
69607
69611
69615
69616
69621
69630
69634
69638
69646
69658
69660
69661
69669
69682
69688
69710
69714
69734
69746
69753
69842
69873
69884
69895
69904
69907
69922
69928
69931
69932
69934
69952
69953
69970
69971
69975
69995
69997
70005
70006
70007
70010
70026
70031
70036
70037
70047
70053
70056
70059
70062
70065
70067
70068
70069
70071
70073
70077
70078
70086
70097
70099
70100
70104
70113
70118
70122
70131
70133
70146
70150
70153
70157
70164
70177
70178
70185
70189
70199
70203
70209
70213
70215
70216
70221
70222
70232
70236
70237
70243
70262
70264
70268
70277
70281
70286
70299
70301
70306
70315
70316
70329
70331
70335
70341
70352
70355
70371
70373
70374
70375
70378
70380
70392
70393
70399
70400
70402
70403
70410
70414
70423
70429
70436
70441
70464
70465
70473
70475
70477
70482
70485
70488
70493
70512
70525
70526
70534
70545
70549
70551
70553
70554
70558
70559
70562
70574
70575
70581
70585
70586
70595
70596
70612
70613
70621
70623
70638
70643
70652
70669
70674
70678
70685
70706
70709
70712
70739
70741
70742
70750
70771
70776
70777
70798
70800
70801
70804
70808
70818
70821
70824
70839
70848
70867
70868
70872
70884
70891
70892
70894
70896
70904
70907
70922
70929
70940
70943
70966
70967
70970
70972
70977
70981
70989
70990
70995
71002
71004
71005
71012
71016
71018
71022
71024
71028
71035
71041
71055
71062
71074
71087
71091
71095
71099
71103
71107
71110
71112
71131
71140
71142
71143
71145
71148
71160
71161
71162
71166
71172
71175
71176
71179
71182
71184
71199
71225
71234
71236
71239
71248
71253
71260
71288
71297
71303
71306
71315
71318
71319
71322
71324
71326
71327
71328
71331
71332
71348
71357
71358
71365
71380
71384
71388
71389
71390
71402
71411
71422
71425
71427
71430
71437
71439
71442
71443
71462
71466
71468
71469
71473
71475
71480
71483
71495
71501
71508
71509
71517
71518
71522
71524
71526
71529
71535
71538
71545
71570
71604
71612
71613
71622
71624
71625
71629
71631
71633
71638
71639
71660
71661
71664
71666
71669
71675
71683
71684
71685
71689
71695
71700
71702
71723
71728
71736
71741
71743
71774
71807
71812
71823
71825
71836
71839
71848
71854
71860
71868
71874
71884
71890
71891
71893
71894
71895
71902
71909
71932
71939
71946
71949
71954
71955
71971
71985
71986
71989
71991
71993
71999
72010
72011
72023
72028
72034
72036
72038
72040
72041
72044
72048
72051
72052
72059
72061
72063
72070
72081
72089
72098
72100
72101
72122
72129
72134
72136
72139
72141
72145
72147
72153
72156
72157
72165
72173
72174
72181
72186
72190
72193
72194
72196
72203
72208
72235
72239
72241
72252
72255
72256
72260
72262
72287
72300
72317
72327
72348
72351
72353
72355
72361
72366
72379
72387
72388
72389
72394
72397
72421
72425
72437
72445
72446
72452
72460
72464
72471
72474
72482
72492
72493
72498
72509
72512
72529
72544
72555
72569
72571
72573
72574
72579
72585
72589
72593
72601
72602
72622
72623
72626
72651
72659
72669
72671
72678
72757
72758
72778
72789
72790
72791
72792
72815
72852
72879
72913
72914
72921
72925
72935
72942
72966
72980
72989
72995
73001
73003
73011
73014
73018
73019
73021
73023
73031
73033
73039
73042
73057
73086
73107
73125
73126
73131
73136
73156
73193
73207
73219
73222
73235
73247
73257
73258
73263
73267
73268
73269
73273
73285
73286
73300
73301
73310
73311
73321
73325
73328
73335
73336
73342
73344
73346
73348
73349
73360
73376
73412
73415
73417
73418
73425
73428
73431
73475
73501
73524
73527
73561
73612
73620
73621
73641
73656
73662
73663
73714
73718
73725
73734
73742
73756
73778
73779
73782
73784
73789
73791
73795
73802
73811
73819
73820
73826
73828
73867
73874
73878
73882
73900
73906
73944
73948
73958
73962
73963
73964
73984
73991
74001
74011
74012
74022
74030
74076
74082
74088
74089
74096
74128
74133
74134
74137
74143
74149
74183
74195
74220
74269
74292
74296
74297
74300
74316
74327
74343
74346
74358
74368
74386
74394
74398
74405
74435
74442
74457
74458
74465
74467
74470
74487
74495
74502
74505
74509
74517
74530
74534
74553
74559
74562
74567
74574
74576
74598
74601
74602
74604
74618
74626
74630
74639
74647
74651
74658
74660
74661
74675
74677
74680
74682
74693
74695
74706
74708
74717
74725
74732
74746
74755
74756
74757
74768
74773
74776
74778
74788
74789
74798
74800
74807
74813
74825
74830
74831
74836
74838
74841
74845
74850
74855
74862
74867
74879
74886
74889
74890
74898
74922
74942
74943
74950
74959
74961
74967
74970
74975
74990
74991
75000
75018
75032
75036
75038
75042
75043
75048
75071
75077
75084
75086
75092
75094
75103
75105
75107
75125
75128
75132
75133
75137
75143
75172
75177
75181
75190
75192
75199
75202
75204
75209
75210
75211
75212
75226
75233
75234
75269
75290
75296
75303
75316
75317
75320
75328
75329
75331
75334
75342
75344
75350
75360
75365
75369
75379
75389
75391
75393
75394
75407
75409
75410
75432
75434
75439
75440
75441
75457
75458
75466
75471
75476
75477
75503
75522
75523
75537
75560
75562
75563
75577
75581
75582
75583
75584
75586
75588
75593
75615
75637
75660
75678
75684
75685
75699
75700
75702
75707
75714
75720
75723
75731
75733
75736
75737
75742
75749
75768
75780
75787
75796
75799
75801
75805
75825
75850
75857
75860
75861
75862
75872
75882
75904
75908
75911
75917
75935
75936
75937
75938
75940
75942
75949
75950
75959
75963
75987
75996
76011
76014
76015
76019
76021
76022
76024
76025
76026
76030
76054
76055
76059
76072
76084
76103
76115
76122
76126
76145
76159
76160
76166
76183
76203
76204
76207
76217
76222
76240
76244
76245
76254
76257
76260
76265
76272
76273
76274
76275
76276
76279
76280
76285
76289
76290
76299
76301
76309
76310
76311
76312
76313
76317
76319
76320
76326
76332
76337
76342
76364
76366
76371
76376
76382
76388
76392
76421
76429
76430
76439
76446
76449
76454
76455
76460
76465
76466
76481
76488
76489
76490
76492
76493
76496
76499
76519
76527
76544
76547
76560
76563
76570
76599
76603
76605
76615
76619
76620
76630
76638
76642
76653
76654
76660
76663
76665
76671
76672
76689
76691
76695
76696
76709
76710
76716
76717
76718
76721
76724
76740
76755
76763
76764
76765
76769
76772
76773
76775
76780
76794
76797
76799
76802
76819
76820
76824
76830
76832
76842
76853
76861
76864
76865
76868
76869
76870
76877
76884
76892
76902
76908
76914
76919
76932
76933
76935
76940
76947
76955
76956
76968
76969
76978
76983
77001
77005
77007
77015
77017
77018
77021
77027
77036
77038
77044
77048
77050
77053
77055
77057
77065
77069
77086
77088
77095
77097
77098
77099
77102
77104
77111
77117
77118
77121
77126
77128
77130
77132
77135
77143
77145
77148
77157
77171
77179
77183
77184
77189
77195
77204
77208
77212
77215
77226
77228
77233
77235
77246
77248
77250
77259
77260
77263
77264
77265
77281
77285
77287
77293
77303
77306
77309
77311
77314
77320
77328
77329
77330
77337
77342
77346
77352
77362
77364
77368
77370
77373
77374
77375
77376
77383
77384
77385
77386
77387
77393
77395
77400
77424
77425
77429
77431
77442
77455
77460
77479
77499
77510
77521
77543
77551
77552
77559
77560
77565
77566
77576
77592
77602
77605
77615
77630
77636
77637
77647
77649
77657
77666
77676
77677
77678
77679
77690
77692
77694
77705
77716
77718
77722
77724
77725
77736
77740
77746
77749
77758
77767
77771
77774
77788
77803
77809
77811
77812
77814
77817
77822
77828
77830
77836
77837
77840
77841
77844
77846
77848
77851
77852
77853
77855
77856
77858
77870
77872
77874
77878
77880
77886
77898
77904
77908
77914
77915
77917
77918
77926
77927
77928
77929
77930
77931
77934
77937
77942
77945
77952
77953
77961
77968
77969
77984
77986
77987
78005
78006
78007
78008
78009
78020
78025
78027
78028
78031
78034
78053
78054
78068
78072
78073
78077
78089
78098
78100
78103
78104
78116
78129
78130
78131
78133
78134
78135
78137
78140
78142
78145
78146
78150
78153
78154
78155
78160
78161
78162
78163
78167
78168
78169
78173
78175
78183
78193
78205
78216
78219
78225
78227
78231
78242
78246
78247
78251
78269
78270
78271
78279
78285
78301
78306
78308
78312
78322
78325
78327
78328
78336
78347
78364
78371
78376
78379
78387
78390
78397
78406
78410
78414
78415
78416
78427
78434
78435
78436
78446
78452
78454
78456
78467
78469
78484
78488
78494
78498
78529
78530
78532
78533
78535
78537
78544
78548
78558
78565
78567
78609
78612
78619
78625
78626
78632
78634
78651
78657
78658
78659
78667
78668
78677
78685
78692
78693
78697
78700
78705
78717
78720
78722
78725
78734
78738
78746
78751
78760
78765
78767
78770
78772
78775
78777
78784
78787
78794
78813
78815
78821
78826
78827
78859
78883
78893
78904
78905
78906
78913
78914
78919
78926
78932
78934
78944
78951
78952
78959
78979
78997
78999
79000
79007
79008
79010
79014
79015
79017
79025
79029
79032
79035
79038
79051
79053
79054
79056
79064
79068
79071
79089
79102
79103
79108
79112
79113
79114
79116
79124
79125
79143
79152
79161
79167
79170
79178
79192
79213
79219
79221
79227
79229
79233
79237
79240
79241
79254
79264
79270
79273
79282
79296
79327
79337
79344
79345
79353
79359
79362
79365
79371
79386
79387
79390
79392
79397
79417
79418
79422
79426
79458
79461
79471
79472
79474
79477
79485
79499
79523
79534
79536
79537
79542
79562
79566
79573
79574
79575
79576
79577
79586
79587
79588
79589
79590
79594
79599
79601
79616
79625
79628
79640
79653
79657
79658
79659
79684
79685
79700
79711
79712
79713
79717
79720
79727
79730
79740
79746
79748
79749
79754
79759
79766
79769
79786
79787
79792
79793
79796
79799
79803
79810
79832
79834
79838
79839
79858
79861
79867
79870
79887
79894
79897
79898
79901
79903
79911
79915
79925
79930
79935
79947
79950
79956
79962
79967
79969
79972
79974
79979
79986
79988
79990
79995
79997
80001
80011
80012
80013
80019
80029
80039
80041
80045
80046
80047
80055
80059
80061
80062
80065
80075
80087
80090
80091
80099
80108
80110
80115
80116
80121
80122
80123
80136
80137
80139
80141
80151
80152
80154
80156
80170
80172
80179
80186
80190
80192
80193
80195
80198
80206
80212
80216
80246
80247
80248
80249
80250
80258
80259
80266
80273
80299
80307
80315
80319
80323
80324
80328
80332
80333
80336
80351
80353
80354
80364
80368
80371
80375
80378
80381
80397
80405
80414
80422
80423
80432
80434
80446
80449
80469
80472
80473
80474
80476
80487
80488
80491
80493
80494
80500
80503
80508
80531
80532
80534
80537
80538
80542
80543
80547
80550
80566
80592
80599
80606
80607
80608
80612
80613
80616
80620
80621
80657
80679
80683
80691
80707
80709
80710
80711
80714
80716
80720
80722
80724
80725
80737
80738
80739
80740
80741
80742
80754
80758
80765
80769
80772
80774
80778
80779
80783
80784
80804
80808
80814
80815
80817
80822
80825
80830
80832
80835
80837
80841
80848
80854
80856
80863
80864
80866
80875
80884
80895
80921
80924
80932
80935
80941
80943
80947
80949
80954
80955
80970
80974
80978
80987
81008
81020
81027
81028
81036
81042
81054
81060
81068
81069
81077
81083
81089
81095
81109
81117
81140
81142
81149
81150
81152
81155
81163
81167
81174
81175
81189
81191
81196
81197
81198
81209
81216
81218
81219
81222
81239
81241
81242
81267
81268
81278
81283
81294
81295
81301
81309
81310
81319
81329
81331
81332
81353
81358
81361
81362
81373
81376
81379
81384
81387
81390
81391
81394
81399
81418
81420
81429
81433
81439
81440
81484
81491
81501
81503
81504
81510
81517
81529
81531
81532
81534
81538
81551
81563
81565
81577
81580
81581
81582
81592
81594
81595
81596
81598
81601
81608
81614
81620
81623
81630
81638
81645
81649
81651
81662
81663
81664
81667
81671
81678
81685
81686
81703
81708
81712
81714
81722
81738
81742
81745
81746
81779
81803
81811
81821
81823
81826
81827
81828
81832
81835
81859
81860
81861
81863
81870
81871
81875
81876
81878
81880
81881
81887
81903
81908
81925
81927
81928
81929
81933
81934
81943
81947
81948
81952
81956
81959
81966
81977
81984
81988
81989
82012
82025
82031
82048
82050
82053
82054
82076
82078
82088
82106
82111
82118
82120
82129
82130
82133
82136
82143
82146
82152
82171
82191
82192
82204
82208
82216
82240
82254
82255
82257
82275
82284
82286
82292
82299
82309
82316
82320
82324
82353
82364
82366
82375
82378
82379
82380
82385
82387
82400
82401
82402
82404
82406
82413
82428
82429
82431
82433
82441
82448
82450
82455
82457
82464
82479
82482
82492
82498
82500
82501
82520
82522
82524
82525
82529
82533
82536
82540
82541
82547
82548
82558
82591
82597
82622
82632
82638
82641
82644
82650
82652
82655
82656
82676
82678
82682
82701
82714
82721
82724
82748
82750
82758
82762
82765
82771
82781
82800
82803
82822
82824
82829
82834
82835
82840
82851
82860
82861
82877
82882
82890
82894
82899
82907
82913
82914
82927
82937
82943
82944
82962
82984
82995
83009
83011
83014
83019
83021
83029
83048
83056
83058
83085
83096
83097
83108
83131
83132
83136
83145
83146
83157
83167
83169
83170
83179
83189
83190
83194
83196
83197
83198
83201
83202
83206
83208
83209
83210
83216
83218
83222
83226
83231
83232
83233
83236
83239
83246
83248
83286
83289
83297
83304
83326
83332
83343
83356
83357
83359
83362
83367
83369
83372
83385
83387
83393
83399
83412
83415
83420
83431
83434
83436
83437
83440
83443
83448
83456
83458
83469
83471
83476
83481
83482
83485
83486
83492
83509
83521
83530
83536
83543
83552
83555
83560
83572
83588
83595
83598
83603
83604
83606
83607
83608
83623
83629
83632
83634
83640
83646
83649
83651
83653
83660
83668
83677
83709
83710
83715
83718
83733
83743
83760
83761
83767
83770
83773
83777
83780
83781
83791
83792
83794
83796
83801
83810
83813
83821
83828
83833
83836
83850
83857
83859
83874
83887
83891
83900
83908
83927
83934
83940
83951
83956
83963
83968
83987
83996
83997
83998
84002
84006
84013
84014
84026
84045
84056
84059
84060
84063
84064
84066
84067
84068
84099
84116
84126
84127
84131
84135
84138
84142
84145
84149
84155
84193
84194
84202
84207
84222
84226
84235
84236
84237
84242
84251
84253
84255
84261
84267
84282
84283
84289
84294
84296
84315
84316
84323
84328
84336
84356
84357
84358
84365
84369
84374
84389
84405
84406
84410
84413
84418
84428
84439
84440
84456
84462
84464
84469
84479
84483
84487
84489
84516
84529
84530
84532
84537
84541
84555
84560
84580
84585
84588
84601
84608
84616
84619
84620
84628
84633
84635
84637
84638
84640
84646
84648
84661
84664
84667
84679
84680
84688
84689
84690
84693
84695
84716
84721
84723
84727
84728
84739
84741
84759
84762
84769
84776
84784
84786
84795
84804
84817
84826
84832
84833
84834
84848
84857
84866
84892
84901
84903
84911
84920
84921
84924
84926
84930
84936
84942
84956
84960
84965
84967
84978
84980
84981
84982
84990
84998
85013
85016
85021
85033
85036
85037
85038
85042
85044
85047
85059
85061
85091
85103
85105
85124
85128
85139
85140
85145
85156
85165
85175
85181
85209
85219
85220
85226
85236
85237
85243
85250
85273
85274
85292
85294
85295
85298
85301
85307
85315
85318
85320
85325
85326
85350
85352
85356
85363
85375
85377
85378
85381
85382
85387
85401
85404
85435
85439
85454
85455
85456
85464
85470
85480
85482
85487
85498
85502
85511
85514
85518
85524
85528
85529
85539
85542
85546
85548
85549
85570
85584
85586
85602
85608
85609
85615
85628
85636
85637
85639
85644
85655
85661
85664
85668
85680
85681
85685
85691
85699
85702
85703
85713
85715
85722
85732
85733
85735
85755
85757
85761
85774
85782
85786
85811
85812
85817
85819
85824
85828
85831
85837
85852
85868
85870
85873
85874
85876
85880
85882
85890
85894
85911
85916
85935
85939
85950
85954
85956
85958
85970
85974
85975
85979
85986
85990
85999
86003
86009
86021
86033
86034
86036
86037
86055
86058
86059
86062
86068
86070
86078
86080
86083
86087
86095
86102
86107
86108
86112
86113
86118
86122
86124
86125
86131
86133
86144
86155
86161
86162
86169
86170
86177
86185
86186
86194
86195
86196
86198
86203
86205
86206
86207
86222
86224
86225
86226
86227
86230
86233
86234
86236
86249
86254
86258
86260
86274
86277
86282
86283
86298
86299
86307
86313
86325
86326
86333
86334
86336
86337
86338
86343
86345
86347
86348
86349
86351
86353
86355
86369
86373
86376
86377
86378
86381
86389
86399
86405
86409
86418
86422
86432
86445
86471
86479
86496
86506
86508
86515
86517
86519
86521
86533
86538
86540
86548
86555
86561
86579
86580
86586
86602
86606
86612
86614
86619
86620
86625
86626
86646
86649
86652
86657
86659
86660
86663
86675
86689
86705
86707
86708
86710
86714
86721
86724
86732
86735
86740
86749
86752
86766
86772
86773
86781
86792
86799
86808
86813
86841
86849
86856
86857
86863
86864
86865
86871
86877
86889
86891
86896
86898
86899
86910
86915
86918
86919
86926
86927
86938
86942
86945
86949
86950
86955
86967
86981
86985
86993
86994
86997
86998
87000
87007
87009
87015
87017
87022
87028
87029
87031
87034
87037
87038
87041
87048
87050
87051
87052
87055
87056
87060
87062
87064
87074
87076
87081
87082
87084
87088
87125
87134
87137
87143
87145
87150
87152
87156
87161
87170
87172
87173
87179
87186
87187
87190
87193
87198
87205
87209
87215
87217
87233
87234
87246
87251
87255
87265
87268
87270
87285
87292
87303
87351
87352
87354
87356
87371
87376
87386
87390
87398
87404
87406
87410
87412
87413
87417
87419
87422
87451
87454
87455
87457
87467
87468
87471
87476
87477
87480
87488
87500
87501
87502
87505
87509
87510
87517
87520
87535
87545
87550
87552
87557
87559
87569
87575
87586
87592
87595
87596
87598
87605
87607
87608
87612
87621
87627
87642
87643
87660
87666
87674
87676
87680
87685
87687
87714
87721
87722
87725
87745
87752
87765
87769
87770
87779
87786
87790
87794
87797
87806
87809
87813
87818
87820
87826
87830
87831
87835
87836
87839
87842
87843
87844
87857
87864
87868
87870
87873
87876
87882
87904
87906
87909
87910
87921
87946
87947
87949
87950
87954
87955
87957
87960
87961
87977
87980
87985
87986
87990
88007
88016
88054
88055
88057
88073
88074
88077
88079
88082
88084
88094
88099
88113
88128
88135
88137
88142
88148
88174
88177
88187
88192
88203
88237
88238
88241
88259
88261
88264
88271
88278
88280
88284
88302
88305
88312
88322
88324
88335
88342
88347
88348
88359
88369
88370
88383
88398
88416
88422
88430
88432
88433
88438
88443
88452
88458
88463
88471
88480
88481
88498
88499
88500
88501
88507
88537
88543
88554
88564
88565
88571
88578
88579
88585
88595
88596
88598
88602
88609
88629
88630
88631
88633
88636
88637
88640
88648
88651
88656
88659
88670
88675
88676
88677
88680
88681
88682
88683
88687
88696
88699
88704
88712
88715
88723
88726
88727
88729
88730
88737
88743
88745
88747
88749
88753
88755
88758
88764
88782
88789
88790
88791
88796
88804
88814
88815
88818
88819
88824
88828
88835
88839
88840
88847
88849
88867
88885
88896
88903
88909
88920
88933
88939
88940
88958
88967
88982
88992
89000
89002
89003
89004
89005
89006
89014
89016
89017
89019
89024
89025
89038
89039
89044
89048
89070
89078
89092
89095
89102
89108
89118
89121
89123
89135
89137
89143
89151
89163
89171
89183
89195
89201
89202
89204
89207
89220
89273
89274
89276
89277
89290
89307
89309
89311
89313
89328
89343
89344
89346
89347
89356
89361
89374
89382
89404
89410
89412
89413
89414
89424
89425
89427
89441
89444
89445
89452
89456
89462
89472
89473
89477
89486
89489
89492
89500
89507
89514
89515
89519
89524
89526
89531
89542
89548
89558
89560
89570
89577
89580
89582
89583
89584
89585
89586
89592
89599
89602
89604
89615
89622
89625
89636
89638
89641
89642
89643
89646
89647
89650
89657
89673
89674
89686
89689
89693
89696
89706
89708
89712
89715
89723
89726
89735
89743
89744
89750
89751
89759
89767
89768
89771
89777
89797
89798
89799
89800
89803
89809
89819
89821
89825
89826
89832
89850
89858
89869
89871
89873
89884
89885
89886
89892
89916
89929
89931
89936
89938
89947
89952
89953
89954
89957
89961
89962
89969
89971
89973
89984
89991
89997
89998
90000
90006
90007
90009
90022
90040
90041
90042
90044
90049
90051
90052
90065
90066
90074
90077
90078
90085
90089
90124
90126
90128
90129
90154
90171
90180
90190
90194
90215
90220
90223
90225
90229
90231
90240
90244
90260
90262
90265
90268
90270
90279
90283
90286
90295
90306
90319
90329
90330
90334
90335
90336
90345
90347
90353
90355
90368
90377
90391
90396
90398
90404
90405
90408
90409
90419
90481
90483
90485
90490
90491
90505
90514
90520
90521
90526
90528
90532
90540
90541
90551
90554
90558
90559
90560
90588
90589
90592
90596
90597
90604
90608
90615
90617
90620
90625
90630
90640
90641
90646
90649
90652
90654
90656
90658
90671
90677
90687
90700
90711
90725
90728
90729
90736
90741
90744
90748
90749
90753
90754
90755
90762
90771
90772
90787
90788
90789
90791
90799
90800
90809
90818
90820
90821
90825
90830
90862
90864
90867
90878
90879
90890
90892
90896
90911
90916
90917
90919
90920
90922
90942
90943
90956
90959
90977
90979
90981
90982
90988
91002
91016
91020
91022
91025
91034
91044
91050
91053
91055
91062
91065
91072
91079
91087
91098
91103
91107
91117
91119
91121
91127
91154
91197
91213
91220
91223
91238
91241
91251
91257
91265
91277
91285
91286
91289
91292
91293
91295
91297
91305
91323
91338
91361
91367
91376
91377
91381
91387
91388
91390
91396
91397
91398
91400
91403
91411
91416
91432
91433
91434
91471
91477
91480
91483
91496
91498
91512
91513
91520
91527
91531
91537
91541
91547
91549
91555
91557
91559
91581
91585
91586
91591
91592
91595
91622
91627
91633
91635
91636
91642
91643
91658
91659
91661
91663
91684
91699
91701
91712
91713
91742
91743
91744
91748
91754
91757
91759
91761
91766
91773
91782
91805
91812
91837
91841
91847
91859
91863
91864
91875
91876
91877
91878
91882
91886
91888
91891
91923
91925
91939
91940
91950
91953
91954
91957
91958
91959
91979
91983
91985
91998
92010
92015
92024
92029
92035
92041
92043
92046
92048
92053
92060
92061
92067
92085
92088
92100
92103
92107
92113
92116
92119
92130
92153
92159
92163
92168
92175
92178
92179
92183
92185
92186
92217
92219
92220
92227
92230
92232
92235
92246
92250
92266
92273
92276
92277
92284
92286
92295
92299
92300
92303
92306
92308
92309
92311
92312
92317
92322
92323
92325
92341
92342
92348
92354
92355
92365
92367
92375
92381
92382
92385
92391
92393
92396
92399
92402
92403
92413
92414
92419
92424
92429
92430
92436
92437
92440
92441
92476
92478
92480
92487
92491
92493
92503
92504
92516
92518
92523
92526
92533
92555
92558
92565
92596
92610
92619
92628
92639
92644
92655
92657
92662
92664
92665
92666
92671
92672
92677
92684
92689
92692
92708
92712
92731
92733
92742
92746
92750
92763
92791
92817
92823
92824
92833
92838
92839
92843
92850
92855
92863
92866
92877
92893
92903
92904
92914
92922
92925
92927
92939
92945
92948
92951
92964
92982
92983
92989
92990
93002
93003
93011
93015
93018
93035
93040
93041
93050
93051
93061
93069
93080
93083
93092
93094
93095
93097
93099
93101
93110
93114
93115
93117
93120
93121
93147
93151
93173
93178
93187
93192
93207
93209
93211
93212
93213
93225
93226
93230
93237
93240
93242
93260
93266
93274
93276
93279
93294
93297
93300
93308
93311
93326
93343
93344
93349
93352
93359
93360
93361
93367
93368
93369
93371
93393
93396
93399
93400
93429
93431
93434
93436
93444
93469
93470
93477
93478
93480
93485
93498
93501
93512
93518
93519
93521
93542
93545
93568
93572
93574
93589
93593
93594
93595
93608
93618
93621
93639
93640
93657
93664
93670
93673
93683
93685
93687
93690
93691
93697
93698
93700
93710
93714
93716
93717
93724
93727
93738
93739
93744
93755
93764
93766
93769
93773
93775
93777
93780
93790
93791
93792
93797
93806
93807
93810
93811
93812
93817
93818
93825
93830
93831
93842
93844
93845
93853
93856
93868
93870
93881
93882
93884
93893
93909
93911
93913
93926
93929
93935
93937
93941
93950
93955
93963
93964
93984
93995
94010
94023
94029
94048
94056
94061
94065
94068
94070
94088
94091
94104
94109
94112
94123
94129
94132
94134
94140
94141
94147
94149
94162
94164
94167
94176
94179
94183
94187
94190
94195
94203
94208
94209
94220
94229
94234
94252
94253
94267
94272
94280
94281
94284
94285
94296
94297
94305
94306
94316
94317
94318
94328
94334
94335
94343
94353
94357
94358
94368
94370
94377
94391
94392
94397
94398
94401
94402
94404
94424
94426
94428
94439
94442
94443
94450
94453
94454
94462
94463
94485
94493
94501
94502
94504
94518
94521
94534
94539
94541
94544
94545
94550
94552
94565
94568
94569
94573
94576
94595
94602
94612
94620
94621
94623
94626
94627
94628
94632
94634
94644
94652
94653
94658
94660
94662
94668
94671
94672
94677
94687
94689
94704
94712
94719
94721
94722
94724
94748
94768
94769
94770
94779
94780
94786
94796
94803
94809
94811
94812
94814
94821
94823
94826
94835
94836
94837
94838
94850
94859
94860
94871
94877
94879
94889
94899
94900
94901
94905
94916
94917
94919
94920
94932
94935
94956
94957
94960
94961
94976
94991
95001
95006
95010
95028
95034
95043
95044
95046
95051
95062
95083
95084
95093
95111
95114
95115
95117
95118
95129
95138
95142
95144
95155
95157
95158
95163
95178
95185
95194
95197
95206
95207
95212
95217
95237
95240
95248
95251
95253
95255
95262
95264
95266
95281
95285
95290
95296
95305
95307
95309
95313
95316
95327
95335
95341
95343
95347
95353
95375
95376
95385
95386
95395
95403
95404
95405
95406
95422
95423
95444
95450
95451
95455
95462
95468
95470
95476
95478
95487
95488
95490
95494
95495
95499
95500
95509
95513
95514
95516
95520
95526
95527
95530
95540
95547
95551
95553
95556
95565
95567
95572
95583
95586
95591
95595
95597
95612
95614
95615
95620
95622
95626
95628
95638
95642
95644
95645
95647
95648
95650
95651
95658
95660
95662
95663
95668
95669
95674
95681
95683
95686
95692
95699
95704
95705
95710
95711
95712
95722
95726
95735
95742
95748
95752
95761
95763
95770
95773
95775
95779
95781
95782
95785
95802
95803
95804
95805
95806
95808
95815
95817
95834
95842
95851
95855
95860
95864
95874
95876
95878
95881
95887
95893
95895
95901
95904
95906
95908
95913
95921
95928
95935
95940
95948
95953
95954
95958
95959
95961
95962
95983
95999
96000
96003
96018
96021
96023
96025
96028
96029
96033
96035
96039
96040
96059
96064
96067
96072
96081
96099
96104
96106
96119
96132
96135
96136
96139
96142
96143
96171
96178
96180
96184
96192
96196
96205
96207
96209
96211
96212
96221
96224
96232
96235
96242
96248
96249
96250
96257
96259
96267
96273
96294
96310
96312
96315
96322
96325
96332
96337
96338
96345
96348
96363
96364
96366
96372
96379
96386
96390
96403
96407
96409
96413
96415
96418
96433
96448
96449
96450
96476
96478
96497
96498
96499
96500
96511
96523
96526
96554
96564
96572
96584
96589
96591
96595
96598
96608
96612
96619
96622
96624
96625
96650
96668
96685
96687
96689
96691
96694
96699
96704
96709
96720
96722
96724
96731
96740
96741
96756
96762
96785
96786
96798
96799
96801
96802
96806
96811
96812
96814
96827
96830
96832
96841
96842
96848
96850
96860
96861
96869
96871
96872
96879
96881
96885
96893
96895
96905
96908
96916
96922
96925
96926
96932
96933
96941
96945
96950
96952
96953
96959
96967
96989
96994
97009
97010
97011
97016
97020
97026
97029
97032
97037
97052
97054
97057
97060
97062
97070
97071
97079
97086
97088
97092
97095
97107
97115
97122
97137
97144
97148
97167
97170
97175
97176
97186
97189
97191
97195
97196
97210
97216
97217
97242
97251
97253
97255
97256
97261
97268
97288
97298
97307
97309
97312
97316
97318
97324
97332
97336
97338
97349
97369
97371
97376
97388
97405
97406
97407
97415
97417
97434
97441
97449
97457
97460
97461
97465
97468
97475
97505
97516
97520
97521
97528
97535
97542
97543
97544
97559
97560
97562
97563
97570
97580
97582
97589
97591
97592
97594
97596
97599
97622
97623
97629
97634
97636
97638
97639
97640
97651
97660
97671
97673
97677
97683
97684
97699
97708
97710
97716
97723
97726
97730
97735
97740
97745
97746
97747
97749
97751
97756
97766
97767
97768
97770
97772
97776
97777
97782
97783
97784
97790
97791
97794
97804
97810
97811
97812
97817
97825
97828
97833
97837
97844
97848
97850
97855
97865
97871
97878
97880
97883
97884
97904
97907
97910
97911
97912
97914
97916
97922
97931
97934
97935
97937
97938
97942
97949
97951
97956
97962
97971
97972
97984
97985
97987
97994
98000
98003
98005
98011
98018
98041
98042
98043
98051
98052
98055
98056
98058
98061
98068
98072
98075
98088
98089
98094
98103
98105
98107
98118
98143
98146
98156
98157
98160
98161
98177
98179
98191
98199
98203
98208
98215
98217
98218
98223
98229
98240
98246
98255
98256
98270
98273
98274
98275
98278
98289
98296
98310
98312
98316
98330
98335
98338
98339
98342
98345
98349
98350
98360
98386
98387
98390
98393
98399
98404
98411
98416
98418
98433
98434
98445
98454
98457
98460
98466
98471
98482
98494
98497
98509
98523
98524
98537
98543
98546
98547
98552
98553
98560
98568
98574
98575
98579
98581
98582
98584
98585
98586
98589
98597
98598
98599
98602
98613
98624
98639
98644
98653
98659
98661
98664
98675
98678
98679
98680
98700
98702
98708
98716
98735
98744
98762
98763
98768
98772
98791
98799
98808
98810
98820
98822
98830
98836
98837
98841
98844
98847
98848
98849
98865
98870
98875
98877
98883
98887
98888
98893
98904
98907
98908
98920
98923
98925
98933
98939
98940
98941
98942
98947
98948
98959
98964
98969
98970
98973
98999
99019
99028
99033
99034
99035
99037
99042
99045
99046
99047
99055
99056
99060
99063
99079
99083
99098
99100
99114
99117
99120
99126
99127
99129
99130
99134
99136
99140
99181
99183
99187
99198
99216
99219
99221
99225
99230
99232
99247
99249
99255
99260
99263
99264
99265
99270
99275
99285
99288
99290
99292
99300
99314
99319
99320
99327
99329
99330
99337
99339
99351
99352
99366
99374
99375
99376
99378
99380
99382
99383
99385
99386
99387
99389
99393
99423
99428
99434
99436
99443
99448
99451
99454
99455
99479
99483
99487
99488
99491
99496
99507
99515
99522
99526
99528
99531
99532
99533
99540
99548
99549
99551
99553
99561
99565
99566
99569
99574
99576
99578
99584
99585
99586
99595
99596
99600
99601
99613
99614
99619
99625
99631
99634
99636
99648
99652
99659
99665
99686
99691
99696
99697
99698
99699
99700
99706
99709
99729
99748
99751
99758
99767
99773
99775
99779
99780
99782
99784
99786
99790
99796
99797
99800
99813
99818
99826
99837
99848
99876
99885
99891
99895
99928
99931
99933
99944
99959
99982
99989
100003
100004
100006
100040
100109
100119
100131
100148
100152
100155
100162
100168
100169
100185
100190
100191
100194
100207
100215
100221
100247
100260
100263
100264
100274
100323
100325
100332
100345
100347
100348
100350
100352
100353
100357
100370
100373
100377
100381
100389
100390
100399
100404
100411
100416
100431
100452
100453
100458
100473
100475
100478
100482
100490
100501
100533
100544
100551
100560
100570
100577
100578
100602
100605
100607
100615
100623
100625
100632
100637
100652
100653
100661
100668
100669
100670
100673
100678
100680
100686
100687
100697
100711
100720
100725
100729
100730
100731
100738
100743
100744
100746
100752
100753
100766
100776
100783
100785
100803
100807
100811
100813
100816
100818
100822
100823
100824
100833
100834
100844
100856
100857
100858
100861
100863
100865
100866
100873
100876
100881
100892
100905
100919
100920
100924
100925
100927
100931
100935
100936
100945
100947
100952
100953
100958
100966
101000
101003
101019
101039
101041
101050
101060
101065
101072
101080
101081
101084
101107
101108
101110
101114
101118
101121
101122
101126
101129
101131
101134
101137
101139
101145
101163
101164
101165
101171
101172
101174
101175
101183
101184
101185
101194
101210
101216
101217
101233
101239
101242
101243
101244
101246
101249
101258
101278
101279
101299
101317
101327
101339
101348
101359
101362
101373
101374
101375
101381
101382
101390
101396
101407
101414
101422
101425
101450
101458
101461
101463
101469
101471
101473
101477
101478
101479
101492
101497
101505
101513
101520
101529
101530
101531
101540
101544
101545
101548
101554
101572
101574
101575
101587
101592
101597
101604
101621
101637
101643
101644
101647
101652
101660
101662
101665
101667
101676
101680
101700
101703
101708
101709
101715
101717
101729
101735
101736
101742
101748
101750
101760
101762
101763
101768
101772
101777
101778
101790
101792
101797
101803
101809
101814
101832
101833
101844
101846
101860
101876
101882
101901
101912
101914
101921
101932
101935
101936
101939
101940
101941
101947
101950
101953
101965
101966
101973
101978
101979
102000
102008
102015
102017
102022
102041
102043
102044
102046
102055
102062
102064
102067
102072
102081
102085
102087
102095
102098
102100
102101
102111
102125
102134
102138
102146
102160
102163
102164
102165
102172
102173
102174
102179
102183
102184
102188
102192
102194
102195
102200
102202
102203
102204
102206
102225
102229
102236
102244
102250
102260
102266
102268
102286
102301
102308
102316
102318
102323
102335
102342
102356
102357
102361
102369
102375
102377
102379
102382
102385
102397
102402
102405
102407
102424
102428
102440
102443
102444
102450
102452
102462
102468
102477
102482
102488
102491
102505
102508
102526
102535
102546
102549
102553
102554
102580
102585
102588
102596
102599
102605
102606
102615
102630
102633
102645
102651
102652
102653
102656
102677
102685
102694
102695
102699
102704
102707
102713
102719
102729
102737
102741
102747
102751
102754
102755
102762
102765
102767
102771
102775
102779
102795
102799
102800
102809
102813
102814
102817
102820
102823
102827
102835
102852
102853
102854
102856
102858
102859
102873
102875
102877
102878
102888
102892
102893
102908
102911
102913
102919
102928
102929
102933
102934
102935
102939
102940
102952
102959
102960
102962
102964
102965
102972
102977
102980
102984
102998
103010
103012
103013
103018
103023
103026
103030
103034
103035
103047
103061
103063
103066
103067
103078
103079
103080
103090
103092
103095
103096
103113
103117
103123
103129
103134
103142
103143
103149
103150
103153
103158
103163
103164
103165
103174
103178
103182
103184
103188
103189
103204
103209
103211
103220
103223
103226
103232
103247
103248
103249
103250
103262
103267
103273
103287
103298
103308
103309
103320
103334
103340
103342
103354
103358
103364
103367
103376
103378
103410
103419
103420
103421
103433
103439
103440
103464
103482
103485
103490
103494
103495
103509
103523
103543
103547
103558
103569
103572
103582
103590
103600
103602
103606
103610
103611
103618
103623
103625
103626
103631
103643
103645
103647
103656
103658
103683
103698
103720
103728
103729
103735
103742
103753
103754
103757
103759
103763
103767
103769
103777
103779
103780
103781
103782
103783
103784
103795
103801
103823
103827
103838
103862
103864
103870
103874
103875
103877
103879
103882
103904
103906
103927
103935
103951
103955
103966
103967
103969
103974
103983
103989
104025
104047
104050
104051
104056
104059
104065
104068
104072
104074
104076
104077
104079
104084
104085
104087
104108
104112
104115
104135
104150
104166
104169
104171
104181
104187
104191
104193
104195
104197
104200
104202
104205
104207
104225
104229
104236
104245
104246
104249
104282
104284
104312
104313
104315
104316
104318
104325
104330
104331
104332
104347
104350
104351
104352
104354
104355
104361
104365
104369
104370
104371
104375
104377
104379
104381
104386
104387
104404
104406
104408
104409
104416
104417
104424
104427
104435
104438
104440
104444
104446
104458
104459
104463
104466
104467
104475
104481
104485
104488
104491
104492
104503
104504
104505
104510
104512
104520
104541
104543
104546
104547
104549
104551
104552
104556
104558
104564
104574
104576
104577
104590
104592
104595
104596
104597
104610
104611
104616
104634
104637
104644
104654
104658
104666
104667
104668
104680
104682
104689
104693
104701
104706
104712
104718
104721
104727
104728
104730
104753
104767
104772
104775
104779
104780
104787
104788
104792
104804
104807
104811
104817
104822
104829
104832
104833
104834
104835
104839
104841
104843
104847
104848
104849
104851
104854
104858
104859
104860
104863
104867
104872
104873
104879
104884
104891
104895
104897
104903
104904
104921
104929
104931
104933
104937
104946
104966
104967
104981
104982
104985
104989
104990
104999
105012
105017
105019
105020
105022
105040
105042
105044
105046
105049
105050
105051
105053
105063
105074
105082
105091
105103
105107
105109
105116
105118
105127
105128
105143
105152
105156
105159
105162
105173
105174
105177
105179
105190
105198
105201
105205
105237
105238
105240
105243
105247
105251
105253
105257
105300
105306
105311
105313
105315
105318
105320
105325
105328
105329
105334
105336
105345
105346
105348
105353
105354
105355
105357
105358
105367
105368
105370
105388
105389
105406
105407
105410
105412
105413
105436
105442
105448
105455
105463
105469
105471
105482
105487
105488
105494
105495
105502
105504
105509
105525
105532
105533
105536
105538
105540
105543
105547
105548
105550
105551
105569
105573
105578
105579
105580
105585
105588
105590
105597
105598
105601
105610
105612
105616
105623
105658
105666
105672
105678
105683
105701
105704
105712
105716
105721
105727
105734
105746
105753
105754
105759
105763
105773
105782
105784
105786
105790
105794
105798
105817
105819
105821
105822
105824
105830
105840
105847
105851
105852
105863
105882
105885
105890
105898
105941
105942
105949
105957
105958
105965
105967
105969
105970
105977
105983
105987
105992
106009
106028
106033
106034
106037
106043
106045
106046
106050
106054
106055
106057
106077
106083
106085
106092
106107
106109
106113
106116
106121
106127
106129
106132
106133
106143
106147
106150
106164
106168
106170
106176
106177
106189
106191
106202
106210
106219
106221
106227
106229
106230
106233
106234
106242
106245
106253
106255
106272
106282
106286
106293
106297
106301
106304
106309
106311
106312
106315
106321
106329
106340
106341
106349
106358
106370
106371
106372
106376
106381
106382
106386
106390
106392
106399
106400
106403
106407
106410
106412
106413
106414
106418
106422
106428
106439
106447
106449
106462
106469
106481
106482
106485
106489
106490
106496
106498
106499
106500
106504
106507
106515
106516
106523
106530
106542
106545
106548
106564
106572
106581
106609
106612
106613
106618
106621
106631
106635
106636
106638
106639
106640
106650
106664
106665
106672
106674
106678
106679
106682
106689
106694
106706
106711
106712
106713
106722
106726
106730
106739
106740
106743
106750
106759
106770
106773
106776
106777
106787
106797
106814
106817
106819
106821
106834
106836
106838
106850
106851
106857
106860
106864
106866
106873
106879
106891
106892
106899
106909
106912
106913
106915
106918
106937
106940
106944
106948
106950
106952
106959
106961
106963
106971
106975
106979
106981
106988
106990
107005
107011
107017
107025
107036
107044
107047
107049
107061
107069
107073
107075
107078
107081
107086
107104
107105
107115
107133
107150
107164
107189
107198
107207
107209
107223
107234
107244
107246
107248
107261
107294
107305
107311
107312
107319
107320
107324
107327
107347
107351
107367
107386
107387
107389
107390
107391
107393
107395
107396
107409
107417
107419
107420
107421
107424
107426
107430
107440
107445
107465
107476
107477
107485
107490
107491
107495
107499
107500
107519
107520
107521
107522
107527
107538
107541
107543
107554
107566
107574
107581
107583
107600
107605
107608
107617
107618
107619
107623
107634
107647
107653
107656
107660
107668
107670
107674
107675
107688
107689
107690
107691
107692
107701
107702
107707
107715
107721
107727
107729
107732
107744
107748
107753
107765
107770
107776
107777
107782
107783
107790
107796
107801
107806
107807
107808
107815
107818
107831
107837
107839
107841
107843
107846
107847
107850
107860
107861
107894
107896
107898
107899
107903
107912
107916
107923
107928
107955
107958
107962
107963
107977
107988
107989
108002
108007
108012
108017
108027
108033
108039
108043
108047
108048
108051
108052
108073
108084
108099
108110
108116
108117
108118
108119
108120
108121
108123
108126
108127
108130
108132
108136
108143
108145
108147
108151
108156
108157
108159
108163
108170
108171
108172
108173
108175
108193
108214
108221
108222
108223
108224
108227
108234
108245
108246
108248
108250
108252
108253
108254
108256
108258
108259
108269
108272
108273
108275
108277
108279
108280
108283
108285
108287
108289
108290
108291
108292
108293
108294
108296
108302
108303
108304
108309
108312
108327
108337
108338
108340
108343
108344
108355
108358
108360
108371
108377
108383
108384
108390
108392
108394
108397
108402
108408
108421
108426
108431
108438
108445
108456
108461
108466
108469
108475
108482
108484
108486
108490
108493
108496
108501
108502
108517
108521
108527
108528
108531
108537
108541
108546
108556
108560
108562
108565
108572
108575
108581
108582
108584
108594
108598
108651
108661
108664
108668
108681
108685
108686
108688
108710
108719
108722
108739
108742
108745
108747
108755
108760
108762
108770
108773
108779
108794
108809
108819
108831
108832
108838
108843
108846
108848
108850
108903
108909
108913
108919
108928
108937
108945
108946
108953
108963
108992
108997
109003
109005
109009
109012
109024
109029
109050
109061
109064
109076
109080
109095
109097
109100
109115
109128
109140
109142
109148
109150
109152
109161
109168
109172
109174
109181
109183
109222
109227
109234
109242
109247
109250
109255
109277
109285
109289
109292
109295
109298
109301
109306
109311
109317
109320
109327
109334
109335
109337
109338
109346
109352
109356
109362
109374
109377
109381
109390
109392
109395
109401
109407
109412
109414
109423
109424
109425
109428
109433
109436
109460
109468
109490
109494
109524
109529
109530
109537
109541
109544
109547
109554
109558
109564
109581
109583
109584
109589
109596
109600
109611
109616
109620
109623
109626
109640
109641
109653
109692
109693
109719
109720
109724
109728
109733
109735
109767
109770
109779
109780
109781
109785
109786
109793
109794
109803
109806
109815
109816
109822
109827
109829
109834
109837
109846
109847
109853
109865
109872
109874
109885
109894
109899
109903
109904
109912
109926
109933
109935
109936
109949
109964
109969
109970
109975
109978
109984
109990
109991
109996
110012
110014
110028
110041
110061
110067
110071
110074
110081
110084
110089
110102
110115
110116
110119
110120
110127
110128
110137
110150
110166
110170
110174
110183
110185
110195
110213
110217
110232
110233
110235
110236
110237
110238
110239
110241
110245
110260
110268
110269
110280
110281
110283
110289
110293
110298
110319
110354
110380
110390
110391
110393
110401
110411
110412
110416
110422
110423
110425
110426
110427
110441
110443
110450
110458
110464
110472
110482
110493
110494
110501
110505
110506
110511
110516
110525
110531
110532
110547
110554
110573
110576
110579
110583
110592
110597
110602
110604
110606
110611
110613
110615
110630
110634
110635
110638
110640
110657
110664
110671
110673
110674
110688
110691
110692
110693
110694
110696
110710
110711
110714
110715
110717
110718
110720
110724
110726
110727
110745
110750
110751
110753
110755
110758
110766
110768
110769
110771
110772
110773
110777
110787
110801
110808
110823
110824
110828
110831
110832
110838
110844
110847
110849
110851
110867
110876
110890
110901
110921
110925
110928
110932
110937
110940
110941
110946
110947
110964
110969
110976
110981
110985
110986
111003
111007
111018
111019
111022
111024
111030
111049
111050
111052
111066
111067
111074
111079
111086
111093
111101
111106
111109
111110
111111
111115
111116
111119
111123
111125
111128
111132
111146
111149
111152
111163
111169
111170
111182
111183
111186
111197
111198
111205
111206
111208
111210
111215
111229
111231
111236
111238
111247
111257
111261
111289
111290
111317
111328
111332
111345
111363
111370
111395
111402
111403
111406
111408
111412
111418
111421
111424
111427
111434
111439
111445
111446
111449
111460
111466
111474
111479
111480
111489
111492
111499
111504
111540
111545
111546
111555
111556
111568
111569
111574
111583
111592
111603
111610
111613
111615
111622
111628
111645
111647
111649
111650
111652
111657
111667
111669
111670
111671
111672
111682
111685
111693
111704
111723
111728
111734
111753
111754
111757
111771
111773
111774
111791
111801
111803
111804
111805
111808
111809
111814
111822
111824
111826
111827
111832
111836
111839
111840
111844
111854
111857
111869
111870
111879
111884
111894
111901
111911
111912
111914
111922
111942
111943
111949
111956
111968
111988
111990
112001
112038
112050
112059
112060
112063
112065
112082
112086
112093
112098
112119
112137
112156
112157
112164
112166
112169
112170
112179
112187
112190
112192
112194
112202
112204
112205
112239
112240
112245
112253
112258
112281
112292
112294
112295
112302
112305
112309
112310
112318
112321
112322
112332
112339
112347
112348
112359
112372
112373
112381
112397
112403
112406
112412
112442
112447
112448
112449
112464
112467
112482
112484
112486
112487
112492
112493
112502
112520
112524
112525
112528
112529
112536
112544
112548
112550
112556
112560
112565
112568
112569
112580
112583
112585
112586
112599
112600
112607
112608
112639
112643
112657
112661
112663
112669
112674
112684
112686
112689
112703
112704
112710
112726
112730
112741
112747
112752
112763
112772
112773
112778
112781
112789
112795
112797
112824
112831
112841
112842
112843
112863
112864
112878
112888
112899
112900
112909
112910
112912
112917
112922
112930
112953
112966
112968
112969
112977
112981
112982
112997
113006
113016
113022
113047
113048
113050
113058
113063
113067
113068
113069
113071
113077
113078
113079
113092
113095
113100
113112
113114
113119
113120
113121
113123
113132
113133
113134
113136
113138
113139
113140
113141
113156
113164
113167
113170
113173
113175
113181
113183
113199
113201
113215
113223
113224
113237
113252
113261
113263
113264
113265
113278
113305
113310
113329
113336
113339
113361
113371
113376
113379
113380
113383
113398
113400
113404
113405
113406
113411
113413
113415
113418
113444
113453
113465
113469
113482
113485
113490
113491
113521
113532
113538
113542
113544
113545
113546
113570
113578
113587
113597
113601
113602
113608
113609
113618
113621
113622
113646
113650
113651
113652
113657
113682
113683
113686
113691
113716
113728
113731
113737
113742
113761
113768
113788
113793
113798
113803
113813
113819
113825
113830
113831
113843
113860
113864
113879
113881
113882
113885
113893
113894
113895
113917
113939
113942
113981
113982
113985
113992
114050
114052
114055
114081
114091
114096
114098
114099
114109
114115
114116
114119
114122
114126
114129
114131
114133
114150
114178
114179
114182
114199
114206
114211
114218
114221
114226
114229
114243
114244
114245
114253
114254
114255
114257
114259
114266
114286
114289
114295
114298
114306
114307
114328
114334
114339
114341
114345
114346
114357
114363
114369
114378
114379
114384
114386
114394
114400
114434
114442
114444
114445
114453
114454
114455
114456
114472
114473
114474
114484
114496
114497
114507
114511
114512
114539
114543
114567
114570
114571
114573
114574
114575
114578
114580
114583
114639
114650
114651
114652
114666
114673
114683
114684
114685
114686
114688
114690
114703
114705
114706
114707
114718
114719
114720
114721
114727
114738
114754
114755
114758
114760
114772
114782
114785
114786
114792
114797
114798
114803
114808
114809
114831
114832
114834
114838
114842
114856
114870
114891
114896
114905
114908
114916
114917
114921
114928
114932
114933
114937
114943
114946
114958
114960
114967
114970
114974
114976
114977
114984
114998
114999
115019
115021
115026
115028
115033
115043
115051
115075
115099
115101
115103
115109
115111
115115
115116
115123
115126
115128
115130
115141
115145
115164
115165
115167
115181
115186
115199
115201
115202
115203
115207
115215
115236
115237
115244
115263
115274
115276
115279
115281
115291
115293
115313
115316
115319
115320
115324
115328
115331
115346
115351
115363
115368
115383
115390
115394
115408
115409
115412
115413
115433
115438
115442
115444
115447
115449
115453
115455
115459
115463
115467
115471
115487
115494
115495
115509
115517
115519
115521
115526
115527
115534
115535
115541
115550
115563
115565
115569
115571
115579
115605
115608
115609
115611
115613
115623
115626
115629
115630
115648
115659
115661
115664
115665
115672
115683
115692
115720
115726
115730
115731
115733
115736
115737
115742
115743
115751
115754
115763
115765
115771
115774
115782
115788
115794
115800
115803
115807
115832
115834
115835
115839
115841
115853
115861
115881
115892
115905
115910
115934
115951
115952
115956
115977
115990
115993
116010
116014
116016
116024
116029
116030
116031
116034
116036
116037
116053
116057
116063
116066
116074
116093
116101
116118
116120
116130
116140
116147
116149
116158
116161
116179
116213
116229
116254
116256
116262
116272
116278
116285
116293
116308
116310
116318
116322
116336
116337
116338
116350
116351
116365
116367
116397
116400
116401
116403
116405
116406
116411
116416
116417
116418
116419
116434
116443
116446
116471
116484
116511
116517
116519
116534
116540
116542
116543
116545
116546
116550
116555
116556
116558
116563
116566
116571
116581
116602
116605
116607
116608
116609
116611
116612
116617
116619
116626
116628
116629
116640
116643
116655
116656
116658
116664
116666
116667
116674
116676
116684
116701
116710
116716
116721
116735
116736
116738
116740
116741
116754
116755
116761
116768
116773
116776
116777
116779
116781
116790
116813
116816
116819
116824
116826
116861
116862
116867
116868
116869
116870
116871
116884
116887
116899
116900
116901
116909
116914
116915
116919
116935
116937
116952
116956
116976
116981
116983
116984
116986
116991
116995
116997
117002
117005
117014
117016
117018
117026
117028
117030
117047
117053
117057
117066
117069
117073
117089
117090
117093
117097
117114
117119
117133
117138
117139
117142
117143
117157
117168
117177
117178
117179
117187
117191
117195
117196
117199
117207
117210
117213
117214
117215
117218
117226
117231
117233
117239
117258
117266
117270
117278
117285
117300
117306
117307
117309
117310
117311
117318
117329
117330
117334
117345
117348
117356
117370
117385
117391
117392
117409
117415
117417
117435
117441
117451
117485
117495
117510
117522
117527
117533
117536
117540
117560
117561
117564
117573
117582
117590
117591
117592
117593
117595
117614
117630
117636
117646
117656
117661
117667
117675
117676
117679
117680
117683
117684
117692
117694
117698
117700
117701
117703
117705
117706
117712
117715
117717
117720
117726
117729
117731
117739
117742
117745
117747
117749
117757
117758
117767
117771
117776
117781
117791
117792
117805
117832
117834
117836
117838
117839
117849
117853
117854
117855
117880
117900
117903
117909
117917
117921
117933
117934
117957
117966
117967
117969
117973
117983
117997
118006
118009
118014
118015
118041
118063
118076
118108
118114
118125
118133
118141
118143
118146
118158
118162
118164
118165
118168
118170
118176
118181
118189
118192
118204
118209
118212
118215
118219
118223
118241
118248
118252
118256
118276
118281
118284
118287
118295
118315
118316
118337
118349
118369
118389
118390
118400
118402
118403
118408
118413
118418
118422
118425
118432
118435
118443
118451
118466
118484
118485
118489
118494
118497
118504
118513
118519
118520
118531
118537
118538
118547
118552
118555
118561
118573
118576
118577
118582
118586
118587
118588
118616
118626
118627
118653
118675
118679
118686
118690
118691
118693
118701
118706
118709
118727
118737
118747
118750
118753
118761
118768
118769
118784
118789
118802
118806
118833
118843
118844
118853
118859
118872
118880
118902
118904
118914
118922
118932
118941
118942
118947
118950
118951
118952
118953
118959
118981
118986
118987
118989
118991
118998
119015
119022
119023
119030
119042
119049
119050
119054
119056
119070
119075
119076
119081
119082
119084
119101
119107
119121
119124
119150
119154
119158
119175
119177
119179
119181
119182
119188
119201
119206
119213
119216
119230
119231
119234
119236
119237
119238
119239
119247
119248
119250
119256
119257
119261
119285
119299
119302
119309
119332
119349
119357
119378
119386
119390
119394
119395
119408
119418
119423
119430
119437
119447
119454
119455
119461
119470
119474
119485
119491
119492
119498
119509
119514
119515
119516
119519
119525
119543
119544
119576
119592
119602
119603
119604
119605
119608
119615
119618
119621
119622
119631
119632
119633
119640
119641
119655
119656
119659
119663
119665
119666
119668
119670
119671
119677
119697
119698
119701
119705
119706
119708
119717
119727
119728
119729
119738
119740
119741
119755
119761
119769
119773
119776
119778
119789
119794
119801
119808
119812
119823
119827
119830
119831
119835
119837
119851
119854
119860
119867
119886
119887
119891
119907
119917
119918
119921
119922
119923
119929
119930
119938
119941
119948
119951
119954
119959
119965
119969
119970
119972
119979
119985
119989
119995
120006
120017
120019
120025
120027
120039
120045
120046
120047
120051
120057
120061
120069
120074
120075
120092
120095
120119
120131
120138
120144
120146
120162
120166
120170
120182
120184
120185
120200
120202
120204
120212
120213
120214
120217
120225
120239
120246
120248
120252
120263
120284
120292
120300
120303
120305
120322
120329
120335
120337
120340
120344
120355
120356
120358
120372
120373
120376
120379
120380
120383
120399
120405
120407
120423
120432
120441
120443
120444
120453
120454
120459
120463
120464
120465
120466
120467
120469
120472
120486
120518
120525
120533
120537
120556
120558
120563
120564
120568
120573
120580
120595
120603
120613
120614
120617
120624
120625
120630
120631
120636
120640
120650
120657
120668
120670
120688
120695
120698
120699
120721
120722
120729
120730
120733
120742
120748
120756
120762
120765
120770
120782
120786
120816
120817
120821
120830
120846
120847
120876
120884
120893
120900
120902
120913
120914
120921
120922
120924
120926
120927
120940
120953
120968
120970
120972
120978
120989
120999
121002
121003
121011
121014
121024
121032
121034
121037
121038
121044
121047
121049
121050
121056
121059
121066
121070
121074
121076
121088
121096
121109
121115
121125
121143
121146
121147
121155
121159
121165
121179
121193
121201
121202
121204
121209
121220
121233
121235
121238
121248
121249
121251
121253
121267
121276
121283
121298
121303
121307
121308
121316
121346
121358
121367
121368
121380
121381
121385
121386
121388
121393
121394
121416
121423
121429
121437
121438
121444
121464
121468
121471
121478
121488
121489
121494
121497
121513
121519
121525
121535
121549
121558
121563
121564
121566
121582
121587
121588
121593
121605
121611
121612
121617
121618
121621
121624
121626
121628
121629
121657
121665
121666
121668
121669
121683
121686
121711
121725
121729
121731
121732
121733
121741
121756
121770
121773
121776
121777
121779
121785
121787
121794
121799
121803
121813
121815
121824
121826
121827
121830
121839
121847
121857
121867
121882
121887
121905
121908
121917
121918
121922
121923
121927
121939
121955
121962
121963
121964
121965
121966
121967
121969
121975
121976
121982
122007
122015
122020
122024
122047
122057
122071
122072
122084
122091
122093
122124
122130
122133
122136
122141
122148
122157
122165
122169
122170
122177
122180
122187
122193
122196
122201
122208
122215
122217
122218
122229
122235
122236
122247
122249
122271
122275
122277
122280
122285
122291
122295
122311
122316
122318
122320
122333
122349
122351
122357
122360
122361
122364
122367
122371
122372
122374
122387
122407
122408
122409
122413
122419
122421
122422
122423
122425
122428
122437
122446
122447
122457
122473
122475
122501
122516
122520
122525
122528
122532
122537
122538
122569
122574
122585
122588
122591
122602
122612
122619
122642
122646
122655
122657
122666
122679
122686
122697
122707
122710
122715
122728
122740
122741
122742
122758
122769
122784
122786
122788
122795
122810
122816
122833
122841
122843
122845
122849
122853
122867
122868
122869
122870
122876
122882
122888
122899
122900
122903
122927
122950
122967
122988
122989
122990
122996
122999
123002
123011
123015
123016
123018
123023
123028
123031
123055
123057
123061
123067
123071
123076
123085
123100
123101
123108
123113
123122
123127
123132
123134
123137
123140
123154
123157
123161
123178
123190
123192
123202
123212
123223
123227
123233
123238
123249
123269
123271
123281
123283
123300
123306
123316
123319
123320
123332
123334
123341
123363
123367
123384
123385
123395
123403
123406
123411
123422
123437
123445
123450
123455
123460
123471
123474
123476
123478
123485
123506
123513
123523
123525
123528
123529
123532
123565
123566
123568
123569
123573
123574
123575
123583
123590
123596
123597
123598
123600
123601
123617
123618
123633
123635
123637
123638
123641
123658
123664
123667
123668
123674
123687
123690
123699
123703
123726
123728
123737
123739
123755
123762
123765
123771
123776
123781
123793
123798
123848
123854
123855
123866
123886
123888
123895
123897
123899
123909
123915
123952
123955
123957
123960
123964
123965
123966
123972
123974
123997
123999
124000
124003
124004
124012
124014
124016
124017
124019
124022
124025
124028
124049
124062
124063
124068
124072
124077
124100
124104
124110
124116
124126
124127
124137
124151
124157
124162
124170
124173
124174
124181
124186
124194
124210
124212
124217
124231
124232
124240
124245
124253
124273
124279
124285
124289
124292
124293
124295
124299
124301
124306
124311
124327
124337
124351
124365
124367
124375
124388
124393
124404
124406
124407
124411
124418
124422
124426
124427
124446
124451
124461
124464
124469
124480
124498
124510
124512
124513
124536
124548
124558
124567
124573
124585
124590
124610
124639
124653
124657
124660
124665
124666
124669
124675
124682
124685
124687
124692
124701
124704
124710
124711
124714
124729
124731
124746
124747
124755
124760
124765
124781
124784
124793
124795
124798
124800
124820
124824
124833
124845
124847
124850
124854
124855
124857
124861
124877
124878
124883
124887
124888
124891
124900
124903
124907
124909
124911
124920
124927
124933
124940
124945
124946
124950
124951
124952
124957
124963
124965
124979
124989
124994
124997
125006
125009
125012
125017
125030
125031
125036
125037
125038
125048
125049
125052
125074
125082
125087
125088
125090
125097
125098
125100
125101
125102
125113
125124
125125
125127
125128
125133
125134
125144
125147
125149
125179
125184
125195
125198
125200
125212
125220
125223
125224
125229
125247
125248
125256
125258
125259
125262
125265
125272
125275
125288
125291
125298
125301
125306
125319
125350
125351
125364
125369
125373
125381
125384
125385
125386
125409
125415
125437
125439
125451
125463
125480
125483
125484
125491
125503
125519
125530
125531
125539
125543
125549
125557
125565
125571
125587
125592
125598
125601
125604
125605
125611
125617
125618
125627
125629
125630
125631
125655
125665
125666
125668
125694
125698
125709
125722
125748
125753
125767
125768
125776
125777
125794
125805
125807
125812
125827
125833
125834
125836
125839
125846
125856
125857
125860
125864
125875
125887
125890
125898
125900
125902
125903
125907
125910
125920
125921
125930
125934
125937
125941
125942
125948
125954
125955
125959
125962
125967
125969
125982
125992
125993
125996
125998
126006
126009
126018
126021
126022
126027
126048
126054
126064
126091
126095
126097
126098
126101
126106
126132
126142
126146
126150
126151
126155
126171
126172
126175
126178
126180
126200
126203
126205
126208
126209
126214
126222
126223
126250
126277
126282
126292
126295
126297
126299
126318
126329
126330
126338
126341
126353
126364
126384
126391
126404
126405
126413
126416
126419
126423
126426
126428
126442
126466
126486
126490
126493
126494
126506
126510
126520
126533
126538
126543
126562
126564
126573
126575
126576
126581
126585
126586
126588
126594
126595
126603
126625
126633
126635
126644
126663
126682
126690
126703
126707
126715
126717
126724
126736
126742
126748
126789
126790
126792
126805
126806
126810
126812
126824
126837
126845
126853
126855
126860
126864
126877
126880
126894
126901
126906
126908
126911
126912
126918
126919
126929
126935
126946
126953
126954
126955
126957
126962
126970
126971
126973
126976
126987
127006
127012
127021
127031
127047
127052
127054
127057
127059
127061
127063
127073
127074
127093
127102
127103
127113
127131
127142
127143
127154
127161
127163
127166
127173
127181
127183
127185
127186
127187
127188
127191
127200
127206
127222
127223
127227
127235
127240
127264
127266
127272
127276
127285
127290
127296
127327
127348
127352
127354
127355
127358
127364
127370
127376
127377
127379
127388
127394
127404
127408
127411
127423
127428
127435
127443
127450
127451
127454
127457
127462
127463
127464
127478
127480
127511
127512
127521
127522
127523
127539
127544
127547
127554
127563
127566
127568
127578
127591
127593
127596
127617
127629
127632
127635
127641
127657
127663
127677
127678
127680
127682
127692
127699
127703
127704
127717
127722
127760
127764
127777
127784
127785
127787
127788
127809
127813
127815
127833
127853
127854
127859
127861
127864
127869
127884
127889
127892
127897
127899
127904
127906
127909
127912
127914
127918
127930
127933
127946
127947
127949
127956
127958
127972
127977
127978
127985
127986
127989
127994
127999
128006
128009
128013
128035
128056
128061
128062
128063
128068
128073
128092
128097
128098
128135
128149
128160
128172
128173
128176
128180
128184
128187
128197
128203
128223
128228
128242
128243
128244
128245
128257
128263
128268
128272
128282
128294
128301
128314
128325
128331
128340
128341
128360
128361
128362
128366
128377
128397
128407
128419
128436
128443
128456
128469
128472
128473
128485
128487
128495
128498
128507
128508
128513
128514
128519
128521
128525
128538
128542
128550
128566
128583
128589
128593
128598
128609
128610
128613
128622
128623
128625
128626
128629
128638
128641
128643
128645
128653
128662
128665
128670
128673
128682
128683
128688
128694
128712
128717
128720
128724
128725
128728
128732
128746
128747
128755
128756
128761
128765
128766
128770
128781
128790
128791
128794
128817
128837
128848
128850
128874
128894
128899
128902
128916
128922
128936
128941
128942
128951
128960
128963
128966
128973
128975
128980
128982
128989
128991
129008
129015
129033
129040
129051
129052
129056
129059
129061
129065
129084
129086
129104
129143
129146
129148
129152
129158
129163
129173
129175
129181
129186
129207
129213
129215
129222
129228
129236
129242
129268
129269
129273
129283
129310
129336
129339
129347
129349
129364
129385
129391
129404
129414
129417
129430
129440
129467
129472
129492
129507
129512
129513
129518
129525
129526
129529
129544
129549
129550
129554
129562
129566
129567
129569
129649
129650
129653
129662
129673
129677
129693
129708
129719
129729
129742
129744
129746
129759
129765
129778
129779
129780
129781
129786
129791
129796
129798
129800
129807
129811
129812
129813
129818
129819
129820
129827
129829
129834
129836
129840
129848
129849
129854
129862
129874
129875
129879
129891
129896
129897
129901
129902
129903
129930
129939
129943
129951
129955
129964
129969
129977
129978
129986
129989
129996
130000
130001
130005
130015
130025
130028
130031
130041
130044
130047
130055
130065
130067
130068
130069
130073
130086
130093
130117
130120
130124
130131
130140
130141
130144
130147
130155
130188
130189
130206
130210
130223
130226
130229
130251
130252
130295
130325
130346
130350
130352
130355
130357
130374
130394
130399
130402
130406
130407
130410
130413
130414
130424
130425
130433
130444
130454
130472
130474
130491
130495
130507
130519
130524
130527
130531
130532
130536
130538
130540
130543
130563
130564
130569
130589
130595
130600
130605
130613
130631
130636
130640
130646
130652
130658
130669
130686
130710
130736
130749
130752
130753
130763
130765
130771
130785
130789
130795
130813
130814
130817
130819
130825
130826
130831
130836
130839
130844
130852
130863
130864
130886
130896
130898
130902
130915
130934
130948
130974
130975
130987
131006
131016
131023
131025
131032
131039
131040
131058
131064
131087
131100
131106
131114
131120
131127
131134
131140
131143
131145
131156
131160
131164
131178
131180
131183
131189
131191
131199
131202
131208
131209
131211
131212
131218
131223
131229
131238
131242
131250
131252
131253
131255
131256
131259
131264
131276
131285
131290
131291
131315
131338
131341
131345
131347
131348
131354
131357
131360
131369
131371
131380
131381
131384
131399
131400
131402
131411
131414
131419
131437
131438
131446
131452
131453
131454
131461
131465
131467
131480
131492
131494
131551
131552
131557
131562
131580
131582
131584
131585
131588
131590
131608
131616
131620
131622
131623
131625
131626
131630
131634
131638
131642
131649
131655
131658
131660
131665
131686
131692
131693
131701
131711
131729
131733
131735
131744
131752
131753
131756
131759
131761
131778
131792
131798
131805
131808
131810
131813
131814
131819
131834
131836
131842
131848
131855
131876
131882
131886
131909
131910
131911
131923
131936
131939
131940
131946
131947
131949
131950
131952
131954
131957
131958
131960
131965
131981
131982
131983
131995
132002
132006
132011
132031
132034
132052
132073
132074
132077
132093
132097
132100
132101
132102
132103
132106
132107
132109
132112
132113
132114
132135
132137
132140
132141
132145
132146
132153
132167
132172
132180
132181
132182
132187
132188
132189
132193
132195
132197
132201
132202
132206
132208
132209
132220
132227
132231
132236
132259
132263
132274
132276
132285
132292
132296
132297
132317
132319
132355
132357
132360
132371
132374
132378
132379
132393
132398
132403
132415
132416
132426
132437
132445
132458
132463
132464
132468
132477
132501
132503
132504
132507
132508
132513
132515
132523
132526
132536
132540
132563
132564
132574
132584
132595
132598
132615
132621
132635
132650
132657
132659
132667
132674
132675
132689
132695
132702
132703
132704
132710
132712
132715
132722
132725
132727
132731
132732
132742
132752
132768
132770
132772
132774
132778
132781
132782
132787
132789
132795
132796
132801
132805
132819
132824
132833
132838
132842
132844
132852
132854
132858
132860
132876
132880
132883
132887
132889
132890
132892
132901
132902
132905
132906
132907
132912
132931
132932
132941
132946
132948
132963
132973
132981
132986
133034
133048
133060
133068
133079
133094
133095
133099
133108
133109
133130
133140
133144
133146
133147
133148
133151
133157
133166
133178
133181
133184
133186
133190
133193
133205
133211
133219
133230
133242
133245
133256
133276
133293
133295
133303
133304
133306
133309
133331
133333
133345
133348
133353
133365
133366
133373
133376
133377
133378
133387
133415
133417
133418
133420
133428
133433
133438
133440
133442
133444
133451
133455
133476
133479
133481
133482
133492
133497
133500
133507
133522
133526
133527
133541
133546
133550
133553
133554
133556
133562
133569
133570
133583
133584
133589
133595
133601
133614
133615
133616
133618
133619
133620
133621
133631
133632
133638
133640
133652
133654
133668
133672
133686
133692
133695
133704
133706
133709
133711
133712
133717
133723
133725
133738
133739
133748
133774
133782
133796
133803
133817
133837
133840
133857
133861
133864
133867
133875
133907
133924
133941
133962
133964
133979
133982
133990
133998
134003
134015
134018
134021
134040
134049
134093
134096
134116
134117
134118
134134
134140
134143
134148
134149
134150
134163
134165
134166
134167
134168
134172
134191
134193
134198
134203
134211
134215
134219
134220
134221
134229
134230
134231
134236
134238
134246
134257
134259
134269
134275
134277
134279
134287
134292
134293
134301
134302
134304
134306
134309
134316
134327
134329
134330
134333
134335
134337
134343
134366
134371
134372
134395
134398
134399
134423
134444
134445
134456
134457
134458
134459
134460
134466
134472
134478
134488
134499
134501
134504
134527
134535
134536
134547
134559
134568
134570
134578
134584
134589
134593
134603
134611
134616
134630
134645
134670
134672
134674
134675
134682
134687
134689
134692
134699
134713
134733
134738
134747
134749
134786
134813
134819
134823
134824
134827
134834
134835
134855
134863
134875
134882
134895
134910
134913
134920
134934
134939
134958
134962
134963
134964
134967
134971
134976
134981
134988
134989
134995
134998
134999
135003
135013
135033
135034
135037
135059
135068
135081
135083
135094
135098
135099
135120
135122
135128
135129
135134
135137
135158
135173
135178
135182
135186
135189
135193
135194
135200
135205
135210
135211
135212
135215
135223
135230
135231
135240
135250
135255
135258
135260
135265
135266
135272
135277
135283
135287
135288
135295
135305
135316
135322
135324
135328
135343
135351
135355
135358
135388
135391
135393
135396
135399
135404
135408
135409
135418
135428
135433
135437
135439
135447
135451
135452
135457
135464
135469
135475
135483
135492
135502
135521
135523
135526
135528
135529
135542
135550
135573
135587
135593
135594
135602
135609
135618
135623
135625
135630
135634
135656
135668
135670
135674
135679
135680
135688
135689
135696
135707
135712
135733
135737
135738
135746
135747
135750
135752
135760
135785
135798
135800
135801
135805
135806
135808
135809
135810
135811
135814
135816
135825
135829
135831
135840
135846
135853
135867
135871
135872
135874
135879
135882
135904
135906
135915
135922
135924
135926
135934
135935
135939
135941
135945
135949
135952
135956
135957
135963
135971
135973
135983
135988
135989
135990
136002
136008
136013
136022
136028
136047
136052
136056
136058
136072
136075
136079
136089
136104
136107
136111
136124
136132
136143
136172
136177
136179
136182
136183
136189
136193
136198
136204
136208
136232
136235
136237
136239
136242
136246
136257
136258
136271
136272
136280
136294
136298
136301
136303
136305
136322
136323
136324
136325
136328
136330
136345
136350
136372
136408
136420
136421
136422
136432
136450
136451
136452
136465
136476
136477
136482
136486
136490
136494
136495
136509
136517
136519
136523
136525
136537
136539
136543
136551
136564
136571
136578
136580
136600
136601
136604
136607
136608
136619
136623
136626
136627
136647
136655
136656
136661
136666
136680
136689
136699
136706
136709
136713
136714
136715
136719
136734
136741
136743
136751
136754
136757
136764
136767
136777
136779
136781
136786
136788
136790
136791
136797
136798
136804
136807
136811
136817
136822
136835
136837
136855
136860
136861
136863
136869
136872
136878
136884
136897
136899
136900
136902
136907
136909
136911
136914
136921
136931
136938
136945
136956
136958
136977
136985
136994
136995
136996
136998
137002
137004
137006
137019
137022
137023
137027
137028
137033
137036
137041
137050
137056
137059
137072
137077
137085
137093
137095
137096
137100
137106
137115
137123
137133
137134
137136
137153
137162
137165
137168
137175
137194
137197
137200
137204
137208
137211
137218
137219
137225
137230
137231
137232
137236
137237
137241
137242
137251
137269
137272
137273
137274
137280
137289
137295
137297
137303
137307
137319
137323
137331
137357
137360
137373
137374
137387
137388
137394
137396
137408
137412
137413
137423
137426
137427
137437
137443
137455
137459
137466
137477
137482
137488
137501
137503
137507
137513
137517
137524
137534
137545
137554
137558
137559
137564
137573
137575
137583
137588
137597
137598
137599
137602
137603
137608
137619
137623
137630
137646
137663
137664
137695
137711
137722
137731
137732
137737
137752
137757
137764
137770
137776
137777
137782
137798
137822
137824
137825
137826
137827
137828
137832
137836
137837
137844
137850
137857
137863
137867
137892
137893
137899
137902
137908
137929
137931
137937
137943
137945
137946
137949
137950
137951
137952
137961
137963
137966
137988
137994
138012
138013
138014
138015
138023
138035
138055
138064
138069
138073
138076
138093
138103
138109
138119
138126
138129
138134
138135
138137
138148
138150
138158
138160
138204
138205
138210
138249
138257
138285
138288
138303
138309
138312
138322
138332
138333
138337
138340
138347
138354
138366
138384
138385
138392
138413
138414
138417
138418
138419
138423
138440
138449
138451
138457
138463
138464
138492
138506
138507
138508
138509
138513
138514
138519
138520
138528
138530
138547
138550
138555
138561
138582
138584
138593
138604
138621
138626
138642
138652
138658
138670
138671
138684
138687
138691
138715
138716
138719
138723
138732
138735
138743
138745
138746
138747
138749
138767
138777
138783
138797
138823
138830
138836
138837
138838
138851
138865
138868
138869
138870
138876
138877
138881
138898
138910
138913
138917
138919
138926
138928
138938
138940
138946
138959
138974
138978
138979
138990
138993
138997
138998
139007
139013
139038
139039
139042
139044
139046
139048
139051
139061
139066
139069
139074
139076
139079
139082
139113
139114
139120
139129
139130
139134
139135
139137
139143
139151
139153
139164
139166
139169
139170
139175
139176
139187
139192
139193
139198
139203
139210
139213
139222
139234
139237
139243
139248
139251
139260
139268
139271
139275
139277
139282
139283
139284
139288
139292
139293
139294
139298
139300
139301
139306
139308
139320
139328
139331
139333
139357
139363
139372
139373
139384
139385
139397
139437
139438
139441
139443
139448
139466
139469
139500
139511
139512
139519
139520
139528
139530
139532
139552
139557
139559
139560
139566
139574
139579
139584
139586
139600
139601
139602
139605
139608
139610
139617
139626
139640
139658
139664
139667
139674
139677
139678
139684
139692
139693
139699
139701
139705
139718
139721
139734
139736
139738
139743
139763
139767
139778
139780
139781
139783
139784
139786
139787
139797
139812
139815
139820
139822
139828
139841
139855
139856
139861
139862
139863
139864
139867
139870
139881
139901
139902
139904
139906
139908
139920
139926
139939
139946
139950
139962
139974
139976
139979
139983
139992
140001
140028
140044
140051
140063
140067
140092
140115
140116
140117
140132
140144
140148
140149
140151
140158
140171
140174
140175
140179
140180
140192
140196
140198
140209
140217
140238
140243
140245
140247
140249
140264
140269
140272
140273
140285
140286
140290
140294
140304
140308
140311
140313
140315
140316
140329
140341
140343
140357
140360
140369
140380
140414
140416
140418
140421
140424
140429
140432
140443
140449
140450
140458
140459
140467
140468
140480
140503
140507
140512
140516
140517
140523
140528
140545
140547
140555
140569
140575
140583
140589
140591
140624
140632
140633
140636
140642
140644
140652
140658
140672
140720
140721
140745
140748
140755
140761
140771
140802
140804
140820
140826
140830
140833
140838
140840
140841
140844
140845
140846
140865
140872
140873
140885
140893
140934
140937
140952
140958
140962
140969
140972
140976
140988
140996
141007
141011
141013
141017
141018
141032
141049
141055
141059
141060
141063
141103
141104
141105
141114
141119
141120
141139
141149
141151
141165
141173
141174
141176
141180
141182
141190
141196
141213
141215
141223
141226
141231
141235
141240
141244
141252
141255
141256
141257
141260
141272
141275
141285
141287
141299
141301
141303
141320
141327
141332
141340
141342
141344
141348
141373
141377
141395
141405
141413
141417
141424
141428
141444
141455
141458
141469
141478
141482
141500
141501
141512
141516
141523
141547
141554
141559
141570
141587
141593
141598
141600
141606
141615
141630
141636
141637
141640
141641
141645
141646
141647
141651
141661
141662
141674
141682
141689
141695
141715
141728
141733
141736
141748
141754
141757
141775
141778
141780
141781
141786
141789
141795
141808
141813
141815
141818
141819
141827
141850
141854
141856
141860
141861
141884
141887
141888
141889
141895
141896
141899
141901
141902
141913
141920
141947
141949
141965
141967
141970
141971
141974
141991
141995
141996
142012
142027
142034
142050
142060
142067
142075
142076
142079
142081
142085
142094
142099
142109
142113
142119
142124
142126
142133
142150
142151
142157
142160
142161
142165
142166
142171
142172
142177
142178
142180
142181
142202
142208
142211
142220
142226
142231
142237
142238
142240
142241
142243
142245
142248
142250
142256
142264
142265
142268
142276
142278
142286
142298
142299
142307
142308
142318
142322
142330
142337
142346
142348
142349
142350
142354
142356
142368
142375
142385
142386
142389
142390
142412
142415
142425
142426
142427
142450
142454
142457
142462
142471
142473
142476
142477
142478
142480
142481
142491
142495
142523
142526
142532
142533
142543
142563
142567
142568
142570
142572
142579
142580
142581
142582
142603
142605
142617
142618
142630
142633
142637
142668
142686
142688
142689
142694
142695
142704
142713
142730
142733
142735
142737
142742
142747
142750
142753
142758
142782
142785
142789
142791
142795
142796
142797
142801
142805
142808
142834
142839
142847
142849
142852
142854
142855
142858
142859
142869
142877
142893
142904
142912
142921
142929
142930
142939
142943
142950
142955
142956
142964
142977
142980
142983
142984
142987
142988
142992
142993
142995
142997
143001
143002
143019
143029
143031
143040
143043
143049
143052
143057
143060
143061
143063
143071
143073
143079
143082
143085
143086
143095
143109
143115
143127
143131
143162
143163
143168
143169
143177
143182
143202
143208
143209
143213
143218
143220
143221
143224
143241
143249
143280
143282
143285
143287
143291
143295
143323
143329
143330
143334
143341
143346
143365
143377
143383
143385
143393
143407
143409
143415
143446
143449
143451
143452
143463
143467
143468
143481
143498
143499
143506
143507
143514
143519
143531
143533
143537
143553
143555
143557
143559
143564
143565
143572
143575
143603
143607
143614
143615
143621
143626
143629
143631
143644
143648
143658
143667
143669
143685
143690
143700
143712
143714
143726
143727
143730
143741
143748
143751
143754
143783
143796
143802
143810
143812
143816
143824
143844
143857
143866
143870
143872
143874
143877
143885
143889
143896
143907
143910
143920
143926
143934
143936
143954
143955
143957
143963
143979
143987
144001
144003
144010
144018
144026
144028
144035
144037
144043
144044
144051
144058
144071
144078
144080
144098
144101
144111
144114
144129
144133
144155
144162
144165
144167
144188
144193
144230
144234
144241
144243
144260
144283
144295
144301
144306
144316
144318
144346
144347
144360
144362
144363
144372
144375
144377
144382
144383
144384
144391
144402
144407
144411
144414
144421
144425
144430
144434
144437
144438
144447
144449
144450
144453
144454
144463
144471
144480
144509
144516
144522
144524
144538
144547
144550
144554
144557
144561
144562
144571
144573
144584
144588
144593
144600
144608
144610
144611
144615
144635
144636
144644
144648
144660
144662
144678
144683
144692
144696
144703
144708
144725
144733
144735
144755
144765
144802
144803
144828
144837
144840
144844
144851
144852
144866
144867
144871
144882
144884
144886
144891
144902
144921
144929
144957
144963
144984
144987
144990
145024
145027
145037
145067
145087
145092
145096
145097
145098
145102
145106
145109
145111
145116
145120
145129
145146
145157
145164
145172
145176
145178
145180
145189
145194
145200
145202
145211
145213
145215
145216
145218
145222
145231
145244
145249
145250
145257
145259
145264
145269
145279
145280
145289
145294
145304
145321
145323
145326
145328
145332
145333
145346
145352
145368
145374
145379
145382
145385
145393
145405
145410
145421
145426
145436
145438
145439
145446
145468
145473
145482
145485
145489
145495
145501
145515
145516
145525
145526
145532
145533
145540
145553
145554
145555
145557
145562
145567
145570
145573
145574
145579
145586
145592
145604
145607
145609
145613
145615
145621
145627
145650
145658
145669
145673
145674
145676
145678
145680
145693
145707
145719
145724
145730
145738
145753
145757
145767
145768
145780
145786
145789
145794
145796
145797
145798
145803
145814
145815
145817
145831
145834
145840
145861
145872
145877
145887
145895
145905
145906
145912
145913
145916
145917
145922
145930
145936
145966
145973
145974
145976
145977
145985
145986
145988
145992
146007
146010
146018
146021
146022
146030
146035
146063
146064
146106
146118
146127
146163
146220
146227
146233
146248
146253
146286
146290
146297
146300
146302
146306
146307
146314
146321
146329
146331
146333
146335
146352
146354
146356
146358
146359
146364
146365
146370
146372
146381
146387
146392
146420
146443
146455
146456
146459
146461
146463
146464
146484
146492
146502
146530
146535
146546
146549
146552
146554
146567
146577
146588
146590
146596
146609
146614
146623
146634
146635
146639
146641
146650
146674
146679
146687
146689
146693
146695
146703
146704
146705
146708
146711
146720
146737
146740
146741
146744
146749
146750
146753
146754
146756
146770
146780
146782
146783
146791
146796
146806
146814
146815
146827
146831
146834
146835
146837
146839
146844
146865
146870
146875
146876
146880
146882
146893
146934
146936
146942
146955
146957
146959
146967
146969
146977
146994
147001
147008
147019
147027
147030
147034
147037
147046
147054
147055
147057
147063
147070
147073
147075
147082
147083
147084
147105
147107
147109
147110
147120
147121
147142
147143
147145
147152
147155
147156
147159
147174
147180
147192
147209
147217
147218
147219
147258
147266
147267
147272
147275
147278
147300
147302
147304
147306
147308
147317
147323
147332
147338
147355
147359
147363
147378
147392
147394
147397
147398
147407
147410
147416
147418
147445
147449
147458
147460
147461
147465
147466
147477
147480
147481
147490
147491
147494
147497
147502
147504
147506
147509
147511
147524
147529
147541
147545
147546
147548
147553
147554
147575
147583
147584
147585
147587
147588
147589
147592
147594
147596
147603
147617
147618
147634
147643
147651
147653
147663
147664
147667
147674
147676
147678
147679
147683
147699
147707
147708
147710
147711
147713
147714
147732
147733
147735
147768
147769
147776
147826
147828
147829
147832
147833
147835
147838
147844
147860
147885
147890
147892
147907
147933
147934
147937
147942
147948
147949
147956
147960
147966
147968
147969
147990
147992
147994
148008
148009
148014
148022
148025
148028
148035
148045
148046
148051
148060
148061
148063
148064
148067
148069
148090
148093
148094
148095
148116
148119
148122
148134
148137
148150
148152
148153
148161
148165
148167
148171
148172
148181
148193
148195
148200
148210
148212
148214
148226
148231
148234
148239
148240
148243
148244
148245
148246
148247
148248
148249
148251
148252
148264
148272
148273
148284
148294
148303
148307
148309
148312
148320
148321
148324
148354
148359
148361
148385
148388
148410
148412
148413
148432
148437
148438
148446
148460
148471
148478
148491
148493
148496
148507
148521
148524
148529
148552
148558
148579
148582
148600
148601
148604
148611
148613
148616
148619
148656
148671
148680
148682
148684
148696
148705
148712
148717
148721
148735
148736
148740
148741
148742
148746
148751
148752
148768
148788
148792
148798
148803
148809
148816
148825
148848
148856
148858
148865
148868
148869
148876
148879
148881
148895
148900
148911
148917
148919
148925
148929
148935
148940
148948
148955
148971
148981
148985
148987
148990
148994
148998
149003
149012
149016
149025
149028
149040
149053
149058
149059
149062
149066
149068
149069
149075
149076
149081
149109
149113
149114
149116
149117
149128
149138
149148
149151
149174
149181
149186
149199
149204
149205
149220
149222
149225
149227
149228
149230
149237
149256
149286
149288
149291
149296
149297
149299
149302
149315
149332
149333
149346
149349
149350
149367
149370
149378
149379
149380
149382
149387
149388
149390
149396
149399
149405
149435
149439
149448
149458
149461
149474
149489
149510
149516
149533
149536
149539
149541
149544
149547
149553
149558
149563
149568
149591
149597
149600
149613
149619
149626
149627
149631
149638
149659
149662
149663
149669
149684
149694
149695
149699
149713
149715
149731
149732
149760
149764
149766
149767
149796
149799
149802
149806
149836
149844
149851
149878
149892
149895
149918
149925
149930
149935
149956
149960
149966
149967
149970
149975
149989
149991
149993
149998
150000
150003
150027
150033
150045
150052
150059
150061
150072
150092
150096
150099
150109
150112
150119
150122
150127
150132
150134
150135
150136
150139
150145
150150
150153
150166
150167
150179
150182
150199
150201
150203
150204
150206
150210
150214
150223
150229
150231
150237
150243
150247
150261
150276
150282
150283
150285
150295
150299
150302
150308
150323
150325
150342
150351
150368
150369
150370
150376
150396
150403
150408
150421
150424
150425
150430
150440
150445
150451
150465
150466
150470
150471
150476
150483
150487
150490
150499
150506
150509
150515
150517
150518
150519
150520
150526
150539
150540
150545
150546
150548
150555
150579
150583
150584
150587
150589
150592
150597
150599
150604
150615
150630
150633
150635
150639
150640
150644
150648
150667
150677
150679
150680
150687
150690
150705
150711
150714
150715
150723
150726
150728
150731
150736
150739
150745
150755
150761
150765
150772
150775
150779
150785
150786
150787
150788
150789
150797
150804
150808
150809
150811
150812
150816
150824
150843
150856
150895
150904
150925
150927
150929
150931
150939
150948
150959
150965
150968
150969
150973
150974
150987
151015
151057
151059
151065
151074
151080
151081
151082
151095
151104
151107
151120
151123
151124
151143
151149
151154
151156
151159
151168
151170
151175
151177
151180
151181
151184
151188
151189
151191
151193
151199
151202
151206
151208
151224
151251
151257
151264
151270
151274
151279
151281
151284
151293
151301
151303
151305
151320
151330
151334
151335
151338
151339
151344
151352
151358
151362
151376
151390
151402
151414
151426
151430
151435
151442
151447
151448
151455
151467
151478
151481
151482
151488
151494
151506
151513
151517
151518
151524
151543
151544
151546
151547
151551
151556
151557
151561
151582
151595
151597
151599
151608
151613
151615
151616
151617
151619
151623
151634
151640
151641
151649
151650
151665
151666
151669
151670
151677
151682
151699
151712
151715
151716
151732
151733
151734
151735
151737
151741
151746
151776
151784
151797
151819
151848
151850
151876
151881
151886
151904
151906
151916
151926
151930
151946
151947
151954
151955
151967
151975
151983
151992
151997
152001
152032
152036
152044
152052
152100
152101
152112
152115
152125
152155
152179
152198
152201
152204
152213
152221
152222
152235
152242
152257
152261
152280
152282
152283
152291
152334
152341
152348
152351
152360
152361
152362
152372
152385
152387
152401
152410
152429
152435
152436
152465
152467
152497
152500
152522
152523
152525
152549
152555
152556
152561
152582
152585
152607
152608
152616
152618
152631
152634
152647
152655
152678
152682
152688
152708
152722
152731
152733
152739
152743
152744
152748
152753
152754
152759
152760
152770
152773
152787
152789
152835
152838
152850
152855
152863
152864
152915
152924
152928
152972
152976
152986
152994
153007
153016
153029
153030
153035
153049
153050
153052
153053
153057
153060
153065
153070
153077
153078
153083
153088
153094
153133
153136
153137
153152
153170
153174
153176
153184
153186
153188
153191
153192
153206
153208
153220
153222
153226
153229
153230
153234
153268
153274
153277
153279
153283
153286
153287
153335
153346
153370
153375
153384
153385
153393
153397
153402
153418
153422
153424
153429
153431
153442
153450
153456
153457
153468
153469
153470
153472
153473
153474
153484
153490
153499
153510
153531
153538
153564
153577
153594
153597
153598
153602
153607
153635
153636
153637
153643
153649
153657
153664
153671
153674
153678
153688
153689
153696
153701
153704
153729
153730
153745
153750
153754
153755
153757
153758
153764
153768
153771
153775
153791
153804
153813
153814
153815
153818
153825
153840
153841
153852
153854
153857
153861
153873
153881
153892
153904
153906
153907
153908
153910
153919
153936
153941
153943
153947
153964
153999
154001
154002
154011
154027
154031
154035
154045
154054
154062
154087
154093
154094
154104
154131
154132
154146
154160
154177
154183
154185
154186
154188
154204
154222
154225
154226
154233
154271
154274
154275
154276
154284
154306
154307
154309
154311
154313
154318
154323
154332
154341
154343
154346
154373
154380
154382
154407
154419
154422
154425
154427
154428
154457
154475
154479
154484
154486
154490
154492
154493
154503
154512
154519
154521
154525
154526
154529
154532
154533
154534
154538
154548
154558
154561
154563
154579
154596
154607
154612
154613
154615
154620
154621
154639
154645
154673
154675
154685
154694
154696
154697
154702
154714
154715
154717
154722
154760
154765
154770
154784
154789
154810
154811
154815
154819
154824
154829
154831
154847
154855
154860
154863
154877
154878
154883
154899
154905
154917
154921
154925
154936
154949
154954
154970
154991
155007
155012
155027
155029
155073
155102
155111
155119
155137
155141
155149
155150
155153
155161
155168
155175
155177
155178
155201
155206
155211
155226
155236
155238
155247
155252
155258
155275
155285
155295
155298
155307
155310
155316
155339
155353
155399
155403
155404
155406
155412
155417
155418
155422
155425
155426
155431
155444
155446
155448
155450
155464
155478
155482
155490
155499
155501
155507
155512
155513
155515
155525
155527
155528
155529
155548
155549
155553
155566
155567
155577
155584
155588
155591
155592
155608
155611
155612
155615
155617
155620
155626
155629
155632
155633
155641
155647
155648
155661
155675
155699
155702
155705
155732
155738
155746
155750
155776
155796
155801
155802
155813
155814
155820
155824
155827
155838
155860
155867
155869
155878
155888
155889
155891
155902
155910
155924
155929
155932
155941
155944
155949
155967
155971
155972
155974
155979
155987
155989
155995
156017
156018
156021
156027
156029
156031
156033
156037
156041
156044
156048
156049
156069
156070
156075
156079
156083
156084
156091
156096
156104
156109
156114
156118
156124
156125
156135
156138
156141
156144
156145
156146
156154
156170
156172
156173
156187
156189
156200
156201
156208
156219
156221
156231
156234
156243
156262
156265
156273
156275
156279
156280
156292
156295
156298
156301
156302
156328
156329
156333
156334
156338
156345
156351
156353
156357
156364
156368
156380
156404
156405
156408
156424
156425
156432
156437
156438
156442
156443
156452
156453
156456
156481
156485
156486
156489
156490
156505
156508
156510
156519
156523
156524
156530
156534
156538
156541
156543
156549
156552
156555
156557
156560
156571
156584
156588
156595
156602
156613
156614
156616
156618
156633
156635
156637
156639
156642
156644
156647
156650
156660
156676
156677
156692
156698
156701
156702
156705
156740
156748
156752
156762
156771
156773
156774
156782
156789
156790
156800
156801
156804
156806
156808
156821
156822
156823
156828
156829
156878
156883
156884
156888
156897
156905
156906
156908
156910
156926
156928
156950
156955
156958
156976
156987
157000
157017
157019
157030
157032
157036
157041
157048
157050
157051
157061
157064
157071
157104
157106
157107
157108
157109
157110
157111
157117
157118
157123
157127
157128
157129
157133
157140
157153
157154
157171
157176
157180
157182
157216
157219
157220
157235
157237
157245
157253
157262
157285
157300
157311
157317
157328
157331
157336
157339
157344
157354
157356
157362
157406
157415
157418
157419
157430
157435
157437
157442
157448
157452
157454
157459
157462
157479
157490
157513
157526
157532
157549
157550
157551
157566
157569
157575
157582
157592
157594
157606
157608
157609
157617
157641
157656
157664
157669
157677
157683
157685
157687
157690
157702
157706
157710
157718
157720
157721
157722
157724
157731
157734
157740
157744
157751
157760
157761
157762
157768
157774
157779
157782
157788
157790
157791
157797
157805
157809
157814
157825
157829
157830
157831
157833
157839
157853
157864
157879
157905
157914
157918
157921
157940
157942
157947
157949
157955
157957
157958
157968
157978
157984
157989
157995
158017
158022
158027
158045
158063
158070
158071
158078
158079
158080
158083
158085
158086
158100
158103
158125
158126
158129
158130
158131
158132
158134
158136
158140
158144
158147
158159
158177
158182
158205
158208
158220
158226
158227
158233
158255
158256
158273
158277
158280
158289
158290
158292
158293
158294
158296
158299
158300
158303
158319
158322
158346
158355
158369
158381
158385
158392
158395
158398
158407
158433
158436
158443
158445
158453
158461
158464
158466
158470
158479
158482
158483
158499
158504
158510
158522
158527
158546
158548
158559
158575
158578
158585
158586
158609
158611
158621
158623
158624
158625
158646
158665
158676
158679
158689
158695
158706
158720
158723
158725
158728
158730
158734
158753
158755
158761
158769
158771
158774
158782
158783
158784
158789
158793
158800
158808
158811
158815
158816
158818
158821
158829
158830
158844
158848
158854
158855
158876
158885
158887
158896
158912
158925
158928
158931
158959
158961
158973
158977
158983
158986
158988
158990
159000
159004
159014
159018
159019
159020
159021
159025
159032
159060
159068
159071
159087
159090
159093
159103
159109
159112
159120
159121
159129
159140
159149
159152
159154
159157
159177
159186
159188
159192
159196
159198
159200
159206
159207
159218
159219
159220
159223
159239
159254
159255
159269
159273
159276
159283
159285
159292
159299
159300
159308
159311
159328
159329
159340
159365
159366
159380
159395
159398
159410
159412
159413
159421
159459
159462
159471
159476
159477
159499
159508
159514
159536
159543
159550
159556
159570
159574
159579
159580
159582
159585
159590
159594
159600
159607
159616
159617
159620
159621
159632
159636
159638
159640
159650
159651
159656
159670
159700
159701
159713
159722
159726
159733
159736
159739
159740
159748
159759
159761
159770
159774
159775
159790
159799
159800
159803
159806
159814
159816
159838
159845
159858
159859
159866
159877
159891
159897
159903
159906
159912
159916
159919
159935
159941
159950
159960
159978
159989
159991
159992
159993
160004
160017
160018
160024
160025
160033
160035
160051
160056
160059
160062
160066
160067
160069
160076
160077
160082
160084
160095
160099
160100
160103
160104
160111
160118
160119
160120
160121
160123
160130
160141
160149
160156
160162
160165
160167
160170
160171
160181
160185
160201
160216
160219
160221
160225
160241
160269
160271
160273
160277
160285
160286
160294
160295
160300
160301
160302
160303
160304
160305
160307
160310
160311
160312
160313
160315
160316
160326
160334
160335
160336
160345
160350
160357
160366
160370
160371
160382
160393
160396
160420
160422
160426
160453
160467
160470
160475
160488
160495
160509
160538
160544
160560
160569
160571
160573
160574
160575
160576
160581
160585
160590
160592
160593
160594
160595
160597
160606
160607
160609
160610
160615
160619
160625
160626
160644
160648
160660
160661
160662
160664
160669
160677
160689
160718
160725
160726
160732
160738
160740
160745
160747
160750
160752
160753
160768
160776
160787
160795
160805
160821
160837
160847
160852
160864
160868
160875
160884
160888
160902
160903
160906
160934
160938
160951
160957
160958
160966
160967
160968
160974
160975
160980
160982
160983
160986
160992
161001
161003
161009
161013
161015
161026
161033
161036
161038
161042
161044
161053
161058
161059
161072
161074
161077
161078
161093
161095
161124
161130
161131
161139
161141
161149
161159
161162
161163
161183
161189
161203
161208
161225
161226
161227
161228
161239
161244
161246
161255
161267
161268
161278
161287
161295
161296
161301
161320
161331
161333
161336
161338
161348
161354
161359
161368
161370
161380
161389
161391
161392
161393
161398
161406
161409
161415
161424
161426
161428
161448
161449
161454
161467
161472
161481
161492
161502
161505
161512
161515
161517
161525
161530
161531
161532
161533
161537
161540
161541
161542
161548
161549
161553
161558
161559
161560
161570
161571
161584
161587
161597
161603
161604
161614
161617
161619
161624
161625
161626
161628
161629
161635
161639
161641
161646
161656
161664
161665
161666
161674
161681
161687
161688
161690
161692
161693
161694
161703
161719
161721
161729
161742
161753
161756
161762
161771
161775
161781
161791
161802
161803
161804
161806
161807
161818
161828
161829
161833
161834
161835
161845
161851
161877
161880
161881
161897
161906
161915
161921
161926
161940
161945
161957
161960
161963
161969
161985
161986
161998
161999
162007
162011
162014
162035
162051
162053
162056
162059
162061
162062
162064
162078
162079
162082
162092
162112
162113
162118
162134
162139
162141
162148
162151
162177
162178
162181
162184
162197
162203
162211
162215
162216
162217
162232
162270
162283
162290
162307
162335
162344
162345
162348
162358
162360
162381
162387
162388
162392
162398
162434
162449
162474
162477
162492
162503
162519
162547
162554
162571
162574
162580
162582
162590
162592
162598
162629
162630
162632
162639
162644
162653
162656
162668
162670
162674
162675
162678
162687
162688
162691
162709
162715
162718
162722
162723
162726
162727
162737
162739
162741
162743
162744
162772
162776
162797
162806
162815
162822
162825
162845
162846
162847
162848
162862
162864
162868
162870
162872
162874
162882
162890
162925
162927
162928
162930
162949
162957
162961
162966
162968
162970
162987
162994
162998
163004
163008
163034
163046
163060
163062
163066
163072
163086
163088
163090
163099
163106
163124
163130
163131
163142
163143
163150
163164
163180
163182
163185
163192
163196
163224
163225
163226
163231
163239
163247
163248
163251
163253
163256
163259
163266
163267
163295
163300
163303
163307
163311
163319
163323
163333
163350
163353
163377
163386
163391
163410
163416
163417
163420
163430
163440
163441
163445
163447
163468
163475
163476
163477
163483
163491
163492
163493
163494
163506
163509
163522
163547
163549
163558
163561
163569
163585
163587
163588
163590
163591
163592
163596
163598
163599
163608
163611
163613
163618
163619
163631
163635
163637
163642
163646
163673
163684
163691
163695
163710
163714
163719
163722
163723
163726
163729
163731
163737
163738
163748
163763
163771
163780
163783
163791
163796
163799
163802
163824
163838
163844
163857
163864
163867
163870
163880
163884
163887
163888
163890
163907
163929
163953
163961
163963
163966
163968
163973
163979
163981
163985
163997
164012
164013
164028
164029
164032
164044
164045
164060
164061
164062
164064
164070
164075
164084
164089
164111
164117
164125
164128
164140
164144
164154
164156
164171
164173
164175
164188
164190
164193
164195
164201
164204
164209
164210
164217
164222
164227
164255
164280
164284
164291
164306
164309
164315
164321
164328
164330
164349
164350
164354
164356
164357
164358
164363
164367
164375
164378
164390
164392
164394
164400
164408
164409
164413
164426
164428
164434
164435
164436
164449
164453
164473
164485
164486
164487
164488
164490
164494
164506
164508
164525
164541
164546
164565
164571
164573
164576
164601
164606
164607
164610
164616
164622
164625
164639
164641
164646
164651
164658
164659
164677
164693
164707
164709
164714
164715
164726
164731
164737
164742
164748
164749
164753
164759
164760
164761
164762
164769
164770
164771
164777
164778
164780
164781
164790
164799
164800
164803
164804
164811
164815
164835
164841
164843
164849
164853
164861
164888
164897
164898
164905
164906
164914
164919
164928
164933
164944
164946
164957
164958
164960
164969
164971
164980
164981
164994
165016
165050
165069
165070
165071
165077
165088
165095
165098
165101
165108
165113
165119
165123
165127
165132
165133
165140
165144
165147
165167
165170
165177
165181
165187
165189
165190
165193
165197
165210
165213
165228
165230
165245
165249
165268
165289
165290
165296
165300
165306
165310
165319
165321
165323
165330
165334
165338
165339
165340
165341
165356
165366
165367
165371
165375
165376
165377
165384
165389
165392
165412
165442
165443
165447
165453
165458
165459
165463
165483
165491
165500
165501
165503
165505
165514
165515
165523
165531
165535
165536
165547
165550
165557
165560
165563
165565
165566
165582
165586
165595
165606
165620
165626
165628
165636
165644
165647
165655
165662
165686
165697
165699
165715
165718
165727
165740
165743
165745
165754
165759
165765
165766
165770
165786
165788
165811
165813
165829
165838
165852
165859
165881
165882
165892
165901
165910
165914
165931
165940
165953
165955
165958
165971
165981
165982
165986
165987
165992
165998
166000
166034
166036
166038
166039
166047
166085
166096
166098
166106
166111
166114
166120
166124
166126
166130
166138
166145
166149
166153
166179
166180
166193
166197
166201
166214
166224
166237
166242
166252
166253
166256
166263
166264
166266
166268
166272
166274
166276
166277
166305
166307
166313
166319
166325
166337
166340
166343
166349
166367
166368
166369
166370
166371
166372
166373
166376
166381
166387
166410
166411
166415
166416
166436
166459
166466
166468
166479
166485
166489
166490
166492
166494
166496
166498
166519
166520
166526
166532
166547
166560
166573
166589
166596
166598
166603
166604
166608
166643
166644
166646
166651
166655
166659
166679
166682
166687
166691
166696
166700
166703
166704
166705
166715
166728
166738
166746
166748
166755
166776
166780
166785
166791
166794
166799
166800
166803
166809
166816
166818
166835
166836
166844
166855
166857
166858
166861
166862
166866
166868
166878
166886
166891
166892
166911
166917
166924
166926
166930
166942
166947
166954
166959
166964
166966
166970
166972
166974
166977
166979
166995
166996
166997
167000
167022
167034
167037
167052
167065
167073
167079
167088
167089
167093
167097
167099
167102
167105
167114
167137
167140
167144
167151
167161
167169
167184
167186
167199
167218
167219
167223
167224
167229
167230
167232
167243
167258
167261
167262
167291
167297
167305
167312
167318
167319
167322
167323
167331
167333
167355
167363
167365
167367
167384
167392
167396
167400
167422
167424
167427
167434
167436
167437
167439
167442
167445
167457
167462
167464
167472
167482
167486
167487
167490
167498
167500
167505
167514
167519
167522
167529
167534
167541
167543
167546
167554
167560
167562
167565
167567
167568
167571
167572
167573
167579
167582
167595
167621
167622
167636
167640
167642
167646
167647
167656
167658
167661
167662
167668
167674
167679
167681
167692
167729
167741
167743
167745
167770
167779
167784
167786
167788
167789
167801
167802
167834
167841
167860
167868
167885
167887
167904
167908
167910
167916
167925
167929
167931
167933
167934
167936
167937
167938
167939
167942
167946
167947
167955
167961
167963
167981
167985
167986
167994
167995
168001
168014
168015
168018
168020
168028
168030
168036
168041
168063
168065
168079
168083
168086
168087
168089
168096
168100
168114
168120
168122
168124
168126
168127
168130
168133
168136
168138
168147
168148
168153
168158
168165
168175
168180
168183
168191
168194
168195
168196
168198
168202
168203
168207
168213
168227
168228
168233
168244
168255
168262
168267
168279
168285
168287
168292
168294
168296
168297
168302
168306
168310
168314
168316
168318
168323
168325
168340
168355
168362
168364
168369
168384
168388
168397
168398
168400
168401
168407
168410
168414
168416
168421
168437
168450
168471
168475
168480
168482
168484
168488
168491
168492
168493
168500
168521
168524
168530
168545
168546
168558
168565
168566
168568
168581
168584
168588
168590
168591
168597
168603
168610
168612
168616
168618
168622
168624
168632
168636
168652
168663
168664
168671
168674
168679
168685
168690
168698
168708
168710
168711
168716
168719
168722
168737
168738
168747
168761
168763
168775
168777
168779
168783
168793
168802
168815
168817
168828
168830
168859
168865
168868
168884
168890
168896
168902
168906
168911
168934
168937
168938
168947
168949
168965
168973
168974
168976
168977
168991
168996
168998
168999
169001
169007
169010
169011
169012
169019
169025
169030
169035
169056
169069
169072
169088
169089
169090
169102
169108
169111
169113
169118
169121
169124
169128
169137
169141
169142
169145
169154
169159
169164
169168
169170
169187
169192
169206
169215
169221
169222
169225
169229
169240
169253
169259
169260
169266
169277
169281
169287
169292
169295
169302
169303
169305
169329
169330
169336
169337
169339
169340
169341
169357
169362
169378
169381
169387
169398
169402
169403
169406
169412
169420
169421
169426
169427
169429
169437
169439
169444
169445
169447
169449
169455
169457
169468
169484
169491
169518
169522
169523
169537
169539
169546
169547
169548
169550
169552
169555
169556
169559
169560
169598
169609
169631
169638
169649
169651
169655
169657
169666
169676
169688
169691
169703
169711
169722
169727
169728
169742
169745
169753
169754
169760
169770
169771
169784
169791
169793
169815
169818
169826
169827
169830
169835
169842
169848
169849
169850
169852
169854
169861
169869
169877
169881
169882
169884
169885
169886
169889
169894
169900
169903
169906
169918
169930
169949
169953
169966
169967
169968
169971
169975
169997
170001
170017
170034
170037
170044
170045
170049
170050
170064
170066
170067
170069
170082
170084
170096
170099
170111
170119
170130
170135
170137
170139
170151
170155
170162
170179
170180
170193
170201
170206
170209
170211
170212
170213
170219
170220
170223
170230
170246
170251
170256
170264
170271
170288
170290
170300
170304
170320
170324
170326
170338
170341
170343
170347
170350
170371
170385
170393
170400
170413
170414
170415
170432
170433
170437
170444
170458
170459
170475
170479
170485
170487
170488
170489
170491
170493
170494
170495
170498
170504
170514
170516
170518
170521
170524
170527
170528
170544
170553
170555
170569
170571
170576
170577
170581
170586
170593
170597
170603
170610
170612
170613
170614
170616
170619
170620
170626
170663
170667
170672
170675
170684
170686
170707
170716
170723
170730
170732
170736
170737
170740
170743
170748
170749
170752
170757
170765
170767
170776
170779
170780
170781
170784
170788
170800
170810
170820
170825
170828
170830
170832
170834
170838
170841
170843
170846
170847
170848
170849
170850
170864
170865
170867
170868
170869
170875
170883
170893
170895
170901
170902
170907
170908
170912
170925
170926
170938
170950
170952
170965
170969
170975
170976
170979
170987
170992
171002
171003
171008
171015
171018
171026
171030
171042
171045
171048
171049
171052
171083
171091
171100
171104
171109
171116
171117
171127
171130
171139
171141
171142
171161
171169
171170
171171
171197
171200
171210
171219
171230
171233
171247
171250
171276
171298
171300
171308
171312
171326
171329
171354
171360
171361
171378
171383
171387
171392
171394
171405
171420
171432
171434
171438
171441
171446
171475
171480
171483
171492
171514
171518
171527
171548
171555
171558
171573
171581
171612
171614
171622
171640
171646
171652
171673
171681
171684
171692
171693
171702
171713
171719
171722
171724
171731
171733
171737
171743
171749
171769
171783
171811
171817
171819
171831
171837
171838
171840
171846
171848
171859
171867
171870
171885
171898
171904
171916
171919
171937
171941
171951
171958
171963
171982
171989
171994
172004
172005
172025
172035
172078
172080
172084
172088
172100
172111
172117
172119
172122
172123
172125
172128
172129
172144
172163
172164
172172
172174
172179
172193
172205
172209
172215
172239
172240
172243
172276
172278
172294
172332
172345
172347
172348
172349
172363
172367
172370
172374
172375
172391
172396
172403
172405
172408
172410
172417
172421
172426
172427
172437
172439
172455
172457
172476
172491
172499
172514
172518
172519
172520
172528
172529
172534
172548
172550
172560
172562
172573
172580
172582
172587
172588
172594
172599
172606
172608
172615
172619
172625
172634
172637
172648
172658
172663
172668
172680
172684
172685
172701
172708
172718
172731
172740
172742
172745
172772
172776
172780
172788
172798
172810
172814
172826
172842
172853
172857
172858
172860
172862
172864
172878
172885
172886
172888
172889
172900
172901
172935
172936
172938
172948
172952
172957
172959
172960
172969
172970
172976
172986
173002
173011
173028
173044
173053
173054
173076
173091
173109
173111
173164
173167
173173
173191
173200
173201
173205
173208
173209
173210
173226
173228
173266
173280
173282
173295
173305
173320
173323
173324
173334
173338
173358
173367
173397
173405
173427
173428
173429
173438
173449
173451
173456
173468
173470
173475
173480
173489
173491
173492
173517
173522
173526
173527
173556
173560
173561
173563
173564
173567
173576
173581
173584
173585
173593
173598
173600
173615
173621
173631
173645
173648
173652
173658
173659
173668
173669
173682
173694
173702
173706
173709
173716
173718
173728
173731
173745
173747
173749
173762
173781
173789
173791
173793
173794
173816
173818
173821
173827
173830
173852
173855
173865
173868
173875
173890
173893
173894
173899
173922
173924
173931
173934
173937
173938
173941
173943
173944
173955
173961
173973
173985
173988
173996
173997
174013
174023
174024
174031
174032
174033
174034
174043
174051
174052
174059
174060
174061
174078
174084
174091
174105
174111
174116
174118
174121
174125
174129
174134
174144
174194
174198
174208
174209
174213
174225
174227
174233
174234
174247
174253
174284
174287
174293
174300
174304
174315
174318
174322
174329
174333
174335
174339
174361
174374
174377
174381
174384
174393
174411
174412
174420
174425
174427
174429
174459
174475
174493
174506
174516
174520
174521
174524
174540
174555
174567
174571
174572
174573
174575
174583
174618
174633
174635
174638
174644
174649
174659
174671
174678
174686
174696
174700
174705
174712
174713
174719
174721
174727
174738
174768
174780
174786
174787
174790
174803
174817
174818
174819
174823
174827
174843
174845
174855
174856
174857
174867
174868
174872
174880
174883
174884
174893
174898
174903
174925
174927
174928
174948
174949
174951
174961
174981
174985
174992
174996
175005
175008
175009
175022
175028
175032
175038
175039
175040
175042
175043
175044
175045
175047
175048
175056
175065
175066
175067
175087
175090
175097
175099
175121
175127
175132
175133
175134
175135
175146
175149
175152
175156
175167
175173
175174
175185
175191
175194
175203
175204
175205
175235
175240
175254
175260
175269
175271
175300
175308
175342
175346
175349
175356
175358
175400
175410
175424
175435
175446
175447
175448
175451
175459
175461
175467
175469
175470
175483
175487
175495
175498
175505
175511
175524
175530
175535
175546
175552
175564
175581
175583
175585
175593
175594
175595
175610
175613
175615
175617
175632
175634
175641
175644
175645
175646
175650
175662
175665
175675
175681
175685
175693
175700
175702
175726
175738
175740
175741
175742
175752
175755
175756
175760
175761
175765
175766
175769
175776
175777
175783
175791
175807
175810
175815
175817
175819
175822
175823
175839
175844
175850
175854
175859
175863
175898
175899
175901
175908
175911
175914
175919
175924
175925
175926
175927
175948
175951
175952
175956
175969
175976
175980
175994
175997
176006
176008
176033
176042
176043
176046
176057
176058
176075
176101
176106
176116
176125
176126
176130
176133
176143
176145
176147
176158
176165
176168
176171
176174
176179
176183
176188
176194
176195
176201
176205
176216
176220
176222
176233
176238
176239
176240
176243
176273
176282
176295
176304
176310
176311
176313
176322
176354
176356
176359
176373
176380
176382
176396
176407
176424
176425
176426
176435
176436
176445
176451
176455
176457
176458
176460
176488
176493
176496
176497
176502
176512
176514
176515
176530
176537
176564
176569
176573
176574
176576
176587
176597
176603
176605
176608
176611
176620
176622
176623
176628
176629
176637
176639
176654
176661
176685
176687
176690
176692
176695
176710
176717
176722
176725
176732
176734
176756
176765
176774
176776
176785
176818
176819
176822
176831
176833
176835
176837
176839
176841
176844
176845
176854
176857
176859
176860
176868
176925
176953
176956
176961
176967
176968
176998
177002
177014
177026
177027
177035
177038
177039
177040
177045
177048
177060
177075
177076
177085
177089
177091
177101
177102
177125
177127
177131
177135
177148
177150
177157
177159
177160
177162
177186
177205
177219
177229
177247
177254
177262
177268
177275
177280
177289
177291
177293
177297
177300
177306
177309
177310
177315
177319
177323
177332
177338
177339
177340
177347
177351
177354
177359
177369
177375
177385
177387
177390
177429
177432
177461
177462
177487
177490
177491
177500
177506
177518
177524
177538
177563
177565
177566
177577
177586
177597
177608
177612
177614
177620
177646
177648
177650
177654
177670
177707
177721
177726
177732
177735
177739
177747
177757
177764
177769
177774
177778
177779
177780
177790
177810
177815
177817
177841
177842
177854
177855
177856
177858
177862
177867
177872
177876
177877
177882
177893
177902
177909
177910
177966
177973
177975
177986
178025
178038
178064
178075
178076
178080
178089
178092
178094
178100
178104
178105
178110
178113
178114
178115
178118
178126
178127
178130
178131
178134
178141
178142
178144
178153
178166
178173
178177
178182
178184
178185
178188
178189
178190
178191
178201
178205
178221
178225
178244
178254
178255
178257
178263
178273
178274
178283
178285
178288
178303
178308
178316
178335
178336
178345
178349
178353
178357
178375
178378
178416
178417
178421
178429
178431
178437
178445
178447
178452
178456
178459
178460
178465
178468
178469
178470
178473
178480
178482
178491
178494
178496
178497
178500
178505
178511
178512
178522
178523
178529
178531
178532
178535
178539
178541
178545
178550
178558
178563
178565
178568
178572
178585
178596
178609
178632
178660
178668
178671
178684
178692
178695
178712
178714
178721
178735
178739
178751
178765
178771
178780
178783
178800
178813
178819
178820
178826
178832
178844
178848
178853
178856
178863
178889
178892
178893
178902
178903
178909
178915
178919
178923
178932
178936
178938
178942
178952
178955
178963
178967
178972
178980
178987
178997
179004
179010
179013
179025
179028
179029
179035
179051
179055
179067
179069
179073
179074
179077
179079
179082
179085
179094
179102
179106
179108
179112
179117
179124
179125
179133
179137
179139
179145
179168
179171
179183
179184
179186
179208
179215
179227
179244
179252
179253
179278
179287
179288
179289
179338
179339
179351
179371
179372
179378
179393
179400
179401
179432
179437
179444
179462
179463
179464
179472
179476
179491
179500
179510
179522
179527
179532
179534
179535
179557
179563
179565
179568
179586
179590
179594
179602
179613
179634
179636
179645
179650
179669
179675
179676
179679
179684
179692
179700
179704
179712
179718
179735
179736
179743
179744
179745
179752
179754
179755
179761
179780
179784
179785
179795
179796
179800
179802
179816
179821
179833
179846
179856
179860
179861
179866
179874
179875
179885
179886
179889
179890
179892
179914
179916
179917
179920
179938
179947
179969
179987
179998
180021
180024
180030
180069
180073
180075
180078
180098
180102
180118
180124
180131
180134
180142
180155
180169
180170
180197
180202
180206
180209
180229
180232
180237
180241
180243
180254
180262
180267
180275
180286
180291
180292
180294
180295
180296
180299
180305
180307
180323
180342
180349
180352
180357
180365
180367
180372
180375
180387
180397
180398
180408
180412
180413
180430
180433
180435
180438
180440
180443
180444
180445
180448
180463
180470
180477
180484
180485
180490
180491
180492
180495
180499
180513
180525
180529
180530
180533
180539
180543
180557
180560
180569
180574
180575
180578
180585
180586
180594
180598
180602
180615
180620
180622
180636
180641
180648
180660
180674
180683
180686
180707
180710
180717
180723
180725
180726
180729
180730
180735
180736
180744
180746
180759
180766
180774
180783
180785
180788
180789
180800
180803
180806
180821
180834
180843
180851
180854
180857
180873
180888
180897
180908
180919
180923
180932
180945
180963
180967
180976
180978
180985
181009
181019
181031
181035
181037
181050
181053
181067
181080
181085
181092
181098
181108
181109
181115
181123
181126
181127
181128
181130
181131
181141
181142
181151
181169
181171
181191
181194
181195
181200
181208
181212
181215
181226
181227
181255
181257
181258
181271
181298
181299
181302
181310
181313
181328
181347
181349
181360
181365
181369
181386
181396
181403
181408
181411
181414
181415
181417
181419
181427
181431
181434
181438
181452
181461
181477
181486
181488
181491
181499
181502
181511
181522
181534
181554
181555
181558
181560
181563
181581
181586
181591
181607
181609
181612
181614
181615
181617
181619
181626
181630
181631
181634
181637
181641
181657
181658
181663
181669
181678
181691
181702
181704
181720
181733
181737
181739
181744
181745
181746
181756
181774
181777
181779
181787
181796
181805
181807
181808
181826
181827
181828
181829
181841
181856
181860
181873
181877
181878
181881
181882
181903
181920
181941
181943
181948
181957
181962
181991
181994
182005
182023
182043
182046
182054
182059
182063
182067
182068
182070
182082
182102
182123
182134
182147
182152
182160
182165
182167
182177
182188
182189
182203
182216
182233
182234
182236
182245
182249
182251
182257
182259
182272
182273
182274
182278
182286
182288
182298
182300
182307
182314
182323
182334
182361
182376
182378
182396
182398
182418
182434
182442
182443
182445
182450
182454
182467
182469
182478
182486
182490
182507
182513
182514
182524
182530
182538
182544
182558
182564
182571
182579
182580
182582
182614
182616
182628
182631
182634
182640
182653
182669
182677
182680
182693
182696
182697
182702
182708
182715
182731
182734
182759
182766
182770
182771
182772
182777
182780
182794
182795
182796
182811
182812
182816
182818
182819
182824
182828
182833
182842
182846
182859
182862
182872
182883
182884
182888
182896
182898
182915
182925
182926
182933
182939
182948
182958
182960
182966
182968
182983
182991
182992
183013
183022
183036
183049
183068
183076
183080
183085
183097
183108
183115
183130
183141
183156
183170
183177
183183
183185
183188
183190
183208
183211
183212
183213
183216
183232
183245
183249
183252
183274
183275
183279
183281
183284
183305
183351
183357
183358
183361
183366
183391
183396
183401
183432
183433
183437
183476
183489
183493
183503
183505
183511
183513
183521
183522
183530
183559
183568
183588
183595
183606
183613
183622
183630
183649
183653
183658
183671
183675
183676
183677
183693
183699
183702
183709
183721
183725
183733
183740
183742
183748
183750
183755
183758
183770
183778
183785
183793
183794
183799
183801
183803
183809
183813
183816
183819
183837
183841
183854
183862
183863
183869
183870
183878
183880
183901
183906
183907
183911
183959
183960
183968
183969
183986
183987
183990
184011
184018
184020
184024
184027
184032
184039
184047
184064
184075
184078
184091
184092
184096
184118
184124
184170
184172
184218
184220
184224
184234
184241
184251
184259
184260
184261
184287
184294
184298
184299
184326
184333
184343
184348
184373
184392
184394
184396
184397
184418
184431
184432
184441
184446
184447
184457
184458
184461
184471
184474
184479
184484
184487
184502
184512
184530
184537
184569
184573
184575
184578
184596
184607
184608
184613
184620
184650
184651
184653
184661
184663
184666
184699
184708
184724
184727
184738
184739
184740
184758
184779
184789
184792
184794
184806
184820
184828
184833
184847
184864
184869
184877
184885
184897
184924
184931
184936
184946
184951
184963
184967
184969
184978
184981
184986
184988
185001
185011
185034
185038
185043
185065
185069
185075
185076
185082
185086
185097
185110
185115
185119
185126
185130
185133
185139
185151
185152
185153
185157
185159
185163
185166
185177
185185
185191
185193
185199
185225
185227
185231
185248
185273
185289
185290
185293
185300
185306
185307
185308
185311
185318
185322
185323
185327
185331
185340
185375
185381
185384
185388
185389
185414
185417
185424
185426
185428
185429
185438
185439
185443
185446
185456
185468
185472
185483
185485
185489
185504
185517
185524
185535
185546
185552
185557
185562
185564
185567
185575
185578
185590
185607
185610
185611
185615
185621
185624
185625
185638
185642
185643
185651
185655
185667
185668
185670
185671
185678
185699
185705
185706
185715
185729
185735
185748
185756
185764
185777
185778
185785
185787
185804
185807
185819
185826
185833
185842
185848
185852
185864
185868
185893
185901
185902
185904
185905
185919
185920
185922
185939
185940
185942
185949
185959
185964
185971
185995
185996
185998
186002
186007
186010
186015
186021
186032
186043
186046
186047
186064
186073
186084
186085
186095
186096
186097
186098
186107
186112
186115
186122
186137
186144
186155
186174
186195
186197
186253
186254
186266
186281
186287
186290
186300
186305
186307
186308
186309
186329
186334
186341
186343
186361
186376
186391
186395
186396
186397
186401
186402
186411
186414
186419
186423
186431
186450
186454
186456
186472
186474
186479
186501
186502
186507
186508
186513
186519
186531
186532
186535
186536
186540
186555
186560
186571
186589
186610
186612
186613
186627
186628
186629
186632
186648
186661
186676
186677
186679
186690
186708
186715
186717
186722
186723
186725
186734
186747
186753
186757
186761
186765
186767
186777
186786
186794
186798
186799
186815
186835
186837
186838
186841
186847
186848
186850
186861
186876
186878
186883
186885
186886
186895
186903
186905
186913
186914
186923
186944
186945
186948
186962
186966
186967
186970
186978
186979
186980
186983
186984
186985
186996
187000
187005
187008
187018
187020
187022
187023
187041
187043
187045
187047
187048
187055
187063
187065
187108
187110
187117
187118
187120
187129
187134
187140
187147
187150
187151
187163
187168
187170
187173
187174
187192
187193
187194
187229
187237
187240
187245
187248
187254
187260
187261
187264
187265
187270
187276
187281
187286
187311
187315
187316
187322
187327
187333
187343
187348
187375
187380
187390
187397
187398
187399
187400
187411
187427
187433
187434
187440
187443
187444
187471
187476
187479
187481
187489
187491
187493
187510
187514
187523
187524
187528
187533
187542
187554
187555
187556
187558
187564
187575
187606
187608
187619
187620
187641
187666
187670
187671
187674
187678
187701
187702
187711
187712
187714
187716
187739
187743
187751
187754
187767
187780
187782
187784
187785
187787
187788
187797
187809
187811
187823
187832
187833
187840
187860
187861
187864
187898
187899
187915
187919
187935
187939
187943
187945
187948
187953
187970
187979
187989
188000
188013
188020
188031
188035
188036
188038
188041
188046
188080
188082
188089
188110
188111
188115
188124
188128
188137
188138
188139
188146
188155
188156
188167
188177
188194
188198
188205
188208
188211
188217
188224
188247
188249
188251
188260
188264
188266
188269
188270
188274
188281
188289
188293
188295
188309
188310
188316
188325
188327
188336
188342
188345
188346
188353
188357
188378
188388
188389
188393
188395
188396
188400
188401
188402
188403
188410
188415
188416
188419
188427
188440
188448
188462
188469
188470
188478
188492
188497
188499
188507
188513
188523
188525
188526
188527
188528
188530
188535
188539
188540
188541
188560
188572
188577
188578
188581
188584
188596
188600
188606
188616
188624
188631
188635
188636
188647
188651
188659
188660
188674
188686
188694
188702
188712
188724
188735
188738
188744
188756
188768
188776
188794
188801
188802
188803
188816
188819
188833
188838
188844
188866
188873
188885
188889
188893
188900
188902
188922
188923
188950
188978
188981
188989
188990
188991
188999
189002
189007
189008
189011
189024
189026
189027
189028
189035
189036
189042
189051
189058
189076
189078
189084
189089
189101
189105
189107
189108
189123
189127
189146
189156
189188
189191
189201
189202
189218
189231
189235
189237
189238
189245
189252
189253
189258
189265
189279
189287
189291
189293
189295
189308
189318
189319
189321
189323
189324
189327
189331
189336
189344
189359
189363
189365
189379
189387
189388
189394
189400
189401
189403
189414
189415
189422
189432
189440
189442
189454
189458
189467
189483
189485
189492
189496
189501
189504
189506
189523
189524
189526
189528
189536
189544
189548
189549
189552
189554
189556
189557
189558
189574
189613
189614
189618
189631
189648
189668
189669
189673
189690
189695
189697
189702
189717
189735
189737
189753
189755
189761
189814
189825
189835
189837
189838
189842
189844
189853
189857
189865
189872
189875
189892
189927
189940
189946
189963
189966
189969
189985
189993
189997
190009
190036
190042
190043
190050
190054
190059
190060
190064
190080
190081
190082
190084
190085
190093
190095
190115
190120
190126
190147
190148
190157
190168
190181
190187
190191
190197
190199
190201
190202
190215
190239
190240
190244
190245
190248
190256
190257
190258
190275
190277
190279
190282
190285
190303
190309
190313
190317
190324
190344
190353
190364
190366
190367
190395
190398
190416
190419
190424
190426
190433
190439
190455
190456
190464
190465
190466
190467
190469
190471
190476
190500
190513
190523
190528
190543
190549
190559
190563
190570
190576
190603
190609
190614
190618
190626
190628
190630
190641
190642
190644
190647
190653
190660
190665
190679
190688
190689
190728
190733
190747
190757
190780
190781
190792
190806
190817
190818
190819
190831
190849
190855
190857
190859
190868
190875
190876
190901
190903
190905
190918
190936
190938
190942
190947
190951
190953
190964
190966
190973
190987
190991
190995
190998
190999
191032
191039
191059
191076
191078
191082
191085
191095
191097
191114
191117
191129
191131
191132
191139
191140
191145
191152
191153
191154
191159
191185
191206
191209
191222
191225
191229
191230
191231
191232
191233
191239
191244
191250
191260
191261
191267
191285
191288
191291
191306
191322
191327
191328
191329
191331
191337
191350
191351
191374
191376
191406
191413
191415
191418
191420
191431
191434
191440
191450
191465
191470
191479
191488
191490
191501
191519
191526
191528
191535
191575
191585
191602
191618
191619
191626
191638
191642
191647
191649
191668
191677
191709
191713
191714
191715
191728
191729
191743
191746
191751
191753
191768
191771
191773
191775
191776
191791
191794
191800
191802
191803
191814
191818
191820
191826
191831
191835
191837
191842
191844
191853
191857
191870
191872
191874
191879
191880
191883
191902
191908
191918
191919
191933
191946
191947
191951
191953
191956
191961
191964
191975
191977
191981
191994
192001
192002
192007
192022
192028
192030
192032
192038
192043
192047
192055
192062
192071
192078
192086
192099
192106
192107
192108
192113
192114
192115
192126
192128
192132
192151
192156
192170
192173
192174
192179
192188
192189
192206
192207
192224
192248
192252
192274
192281
192282
192283
192292
192311
192322
192329
192341
192349
192363
192376
192377
192386
192390
192393
192400
192424
192451
192454
192461
192463
192466
192471
192481
192482
192486
192487
192490
192497
192500
192506
192507
192510
192515
192516
192518
192520
192524
192528
192532
192533
192534
192536
192548
192551
192553
192558
192572
192574
192577
192580
192582
192597
192598
192600
192601
192603
192608
192609
192617
192618
192624
192634
192638
192640
192644
192648
192650
192660
192661
192665
192668
192671
192672
192673
192680
192687
192703
192704
192725
192726
192734
192740
192743
192746
192751
192756
192757
192759
192763
192789
192792
192793
192799
192800
192819
192820
192822
192841
192846
192862
192866
192871
192872
192873
192886
192914
192939
192957
192959
192968
192969
192971
192997
193002
193004
193008
193012
193014
193022
193023
193037
193045
193069
193071
193075
193076
193082
193085
193092
193094
193100
193101
193111
193121
193124
193132
193134
193139
193151
193154
193163
193166
193184
193189
193192
193193
193207
193209
193223
193224
193235
193237
193248
193251
193254
193275
193300
193323
193339
193341
193342
193343
193352
193357
193377
193393
193395
193408
193427
193437
193444
193457
193460
193466
193479
193481
193492
193493
193499
193502
193507
193518
193520
193528
193531
193540
193541
193547
193552
193562
193570
193582
193590
193595
193599
193600
193605
193617
193621
193628
193633
193640
193641
193647
193672
193673
193678
193685
193689
193697
193726
193735
193741
193742
193747
193756
193765
193770
193774
193775
193785
193822
193824
193829
193839
193858
193861
193865
193867
193868
193879
193903
193906
193935
193944
193946
193948
193949
193954
193966
193967
193969
193978
193980
193990
194001
194002
194021
194023
194035
194039
194041
194047
194055
194065
194072
194073
194087
194092
194094
194101
194105
194109
194115
194152
194159
194181
194182
194202
194203
194212
194217
194228
194229
194233
194239
194251
194255
194273
194274
194288
194290
194291
194306
194316
194318
194322
194327
194334
194340
194349
194355
194373
194378
194379
194381
194382
194400
194401
194409
194419
194423
194435
194438
194439
194440
194443
194445
194459
194461
194471
194472
194487
194491
194496
194497
194516
194526
194533
194535
194543
194544
194545
194549
194560
194570
194597
194614
194618
194627
194628
194629
194633
194634
194636
194642
194667
194682
194683
194686
194690
194705
194708
194709
194711
194712
194723
194745
194746
194755
194759
194760
194764
194765
194767
194780
194808
194814
194829
194831
194832
194835
194838
194847
194852
194865
194866
194870
194876
194883
194889
194890
194900
194904
194910
194913
194926
194930
194937
194949
194950
194961
194966
194971
194986
194992
195012
195023
195028
195031
195044
195045
195049
195052
195056
195058
195059
195060
195065
195072
195074
195084
195094
195097
195101
195106
195110
195122
195130
195143
195149
195156
195160
195164
195169
195170
195183
195186
195191
195196
195205
195220
195223
195224
195231
195235
195237
195239
195240
195243
195251
195271
195279
195283
195309
195311
195317
195339
195349
195355
195357
195360
195365
195367
195368
195383
195392
195395
195401
195407
195435
195437
195438
195441
195462
195464
195468
195469
195476
195482
195484
195485
195497
195498
195500
195501
195519
195528
195542
195554
195571
195579
195580
195582
195585
195587
195593
195606
195616
195618
195631
195632
195643
195644
195647
195658
195660
195677
195684
195685
195690
195709
195718
195719
195733
195738
195739
195743
195749
195752
195763
195764
195771
195797
195800
195815
195827
195834
195836
195838
195839
195852
195858
195865
195873
195874
195879
195888
195913
195917
195920
195923
195927
195931
195933
195937
195939
195940
195946
195950
195951
195952
195958
195963
195964
195968
195972
195986
195990
195995
196001
196002
196014
196015
196024
196039
196049
196059
196099
196100
196101
196118
196119
196146
196154
196190
196200
196201
196207
196221
196232
196242
196248
196285
196289
196290
196292
196293
196301
196302
196313
196317
196321
196323
196324
196329
196334
196335
196341
196349
196350
196364
196377
196380
196399
196412
196415
196422
196432
196442
196446
196458
196466
196472
196476
196483
196495
196501
196505
196521
196551
196555
196556
196561
196580
196581
196585
196589
196590
196591
196603
196608
196624
196625
196630
196631
196632
196637
196639
196641
196653
196669
196672
196684
196730
196733
196736
196737
196749
196753
196757
196760
196768
196769
196800
196803
196810
196812
196817
196832
196849
196850
196853
196860
196866
196873
196875
196876
196881
196882
196885
196888
196889
196890
196901
196925
196932
196935
196942
196947
196985
196989
196997
197006
197013
197025
197032
197038
197053
197055
197056
197058
197062
197063
197076
197077
197099
197111
197113
197116
197134
197136
197137
197139
197140
197142
197147
197148
197151
197154
197163
197166
197192
197213
197222
197228
197238
197249
197253
197295
197297
197299
197302
197303
197318
197325
197327
197342
197358
197361
197364
197367
197370
197378
197382
197398
197400
197411
197414
197433
197435
197440
197442
197476
197478
197482
197499
197500
197503
197510
197517
197531
197540
197551
197574
197582
197607
197608
197610
197611
197615
197618
197622
197626
197628
197634
197637
197659
197660
197669
197679
197684
197685
197697
197717
197720
197723
197738
197749
197761
197779
197782
197789
197790
197839
197848
197849
197863
197865
197879
197886
197893
197899
197903
197906
197924
197925
197928
197933
197937
197940
197951
197955
197957
197969
197991
198009
198012
198015
198017
198035
198037
198062
198065
198068
198069
198072
198073
198075
198078
198089
198105
198108
198165
198183
198185
198205
198215
198220
198221
198228
198237
198239
198253
198263
198279
198291
198301
198307
198325
198326
198357
198363
198376
198381
198396
198417
198422
198428
198438
198442
198472
198473
198479
198480
198498
198503
198516
198527
198549
198550
198584
198587
198588
198600
198601
198602
198612
198626
198627
198655
198664
198665
198667
198682
198685
198691
198694
198713
198717
198728
198731
198735
198741
198758
198768
198770
198780
198789
198791
198792
198797
198802
198811
198814
198817
198821
198824
198825
198827
198828
198835
198838
198847
198848
198850
198853
198855
198864
198882
198885
198894
198905
198908
198915
198919
198937
198945
198960
198962
198969
198973
199000
199018
199035
199044
199055
199056
199057
199061
199066
199067
199077
199095
199101
199103
199105
199112
199127
199143
199150
199154
199159
199161
199165
199166
199175
199178
199187
199191
199197
199201
199215
199220
199227
199236
199246
199247
199250
199253
199261
199264
199271
199285
199297
199313
199327
199328
199331
199332
199333
199335
199345
199356
199364
199368
199371
199386
199388
199399
199406
199413
199423
199451
199456
199460
199461
199471
199473
199474
199476
199478
199481
199482
199485
199488
199491
199509
199514
199525
199539
199567
199570
199581
199585
199626
199630
199657
199658
199689
199702
199704
199709
199727
199729
199736
199759
199787
199790
199802
199818
199823
199827
199830
199832
199835
199844
199845
199855
199856
199857
199859
199862
199866
199874
199876
199885
199894
199902
199908
199916
199922
199934
199939
199948
199953
199984
199987
199989
200001
200002
200012
200017
200032
200035
200037
200039
200040
200047
200051
200052
200057
200066
200078
200079
200087
200103
200104
200112
200121
200131
200135
200137
200142
200154
200155
200158
200169
200170
200173
200176
200179
200180
200190
200191
200194
200195
200201
200206
200208
200209
200211
200214
200217
200229
200240
200251
200257
200283
200292
200311
200335
200345
200361
200373
200385
200389
200392
200433
200434
200437
200440
200451
200454
200483
200491
200509
200511
200515
200524
200525
200531
200538
200554
200555
200563
200570
200582
200617
200628
200637
200650
200659
200660
200678
200679
200692
200693
200695
200699
200707
200713
200718
200732
200735
200737
200743
200744
200749
200753
200760
200773
200781
200788
200789
200802
200811
200820
200833
200839
200840
200845
200857
200858
200865
200867
200878
200880
200885
200887
200892
200895
200900
200901
200908
200927
200928
200930
200948
200956
200968
200976
200995
200998
200999
201000
201030
201033
201039
201040
201044
201085
201088
201091
201103
201106
201116
201117
201129
201133
201136
201144
201150
201165
201173
201181
201182
201192
201199
201210
201211
201213
201241
201249
201275
201301
201304
201309
201314
201325
201335
201346
201349
201350
201357
201363
201368
201376
201377
201383
201389
201391
201394
201395
201397
201406
201408
201409
201419
201420
201429
201430
201432
201435
201441
201444
201457
201473
201476
201484
201485
201491
201509
201514
201553
201557
201563
201579
201581
201586
201594
201598
201603
201617
201622
201624
201626
201644
201645
201647
201650
201670
201672
201680
201698
201706
201710
201716
201719
201720
201732
201740
201744
201769
201771
201773
201793
201794
201796
201804
201839
201848
201849
201856
201857
201868
201872
201876
201879
201886
201899
201900
201902
201906
201919
201920
201929
201932
201951
201955
201959
201963
201968
201995
201996
201998
201999
202011
202012
202015
202021
202023
202029
202055
202057
202061
202062
202074
202085
202094
202102
202120
202129
202138
202142
202144
202152
202157
202169
202170
202184
202202
202209
202225
202226
202245
202246
202256
202257
202258
202263
202266
202269
202270
202302
202310
202327
202332
202334
202354
202358
202365
202373
202391
202402
202405
202410
202414
202426
202428
202429
202431
202435
202436
202446
202463
202465
202469
202487
202506
202513
202514
202519
202521
202525
202532
202536
202539
202542
202551
202556
202565
202566
202600
202603
202609
202614
202629
202643
202647
202655
202656
202672
202678
202688
202695
202697
202704
202706
202707
202713
202718
202719
202722
202723
202726
202728
202730
202739
202741
202746
202747
202765
202766
202768
202769
202771
202772
202775
202778
202785
202786
202796
202797
202801
202814
202815
202820
202822
202825
202828
202830
202833
202837
202838
202839
202840
202876
202892
202900
202906
202919
202944
202946
202949
202954
202956
202960
202971
202972
202977
202981
202983
203015
203018
203028
203030
203033
203035
203046
203056
203057
203066
203069
203071
203086
203094
203096
203099
203104
203109
203115
203121
203138
203146
203151
203161
203165
203167
203179
203189
203190
203214
203218
203222
203233
203243
203244
203255
203259
203267
203284
203305
203314
203315
203323
203346
203362
203369
203370
203378
203381
203386
203387
203392
203393
203404
203412
203434
203436
203458
203463
203464
203466
203469
203483
203492
203494
203496
203498
203503
203504
203506
203511
203513
203516
203517
203525
203526
203528
203529
203537
203544
203549
203551
203553
203555
203567
203570
203572
203578
203586
203590
203595
203603
203618
203638
203643
203650
203666
203686
203696
203699
203702
203715
203724
203736
203741
203742
203746
203756
203759
203773
203775
203776
203784
203790
203792
203796
203798
203802
203804
203806
203817
203822
203827
203837
203845
203847
203849
203853
203854
203855
203857
203862
203863
203876
203887
203890
203918
203925
203926
203937
203942
203945
203948
203952
203953
203954
203956
203957
203963
203967
203987
203989
203998
204002
204004
204006
204012
204018
204022
204025
204038
204040
204042
204045
204047
204051
204056
204066
204072
204077
204081
204088
204094
204096
204097
204098
204099
204101
204117
204118
204123
204128
204131
204134
204135
204144
204146
204148
204149
204153
204156
204166
204168
204170
204178
204179
204183
204187
204188
204189
204197
204198
204213
204214
204221
204235
204243
204249
204252
204265
204271
204273
204274
204278
204285
204291
204292
204295
204300
204303
204314
204332
204355
204357
204365
204370
204373
204377
204388
204399
204419
204429
204463
204467
204470
204489
204508
204516
204520
204521
204523
204539
204544
204556
204574
204581
204589
204611
204613
204630
204633
204643
204644
204655
204668
204678
204679
204710
204711
204716
204726
204730
204736
204737
204755
204774
204790
204802
204806
204836
204850
204854
204870
204873
204874
204881
204884
204886
204887
204890
204892
204893
204896
204901
204906
204917
204926
204959
204967
204982
204992
205033
205045
205047
205066
205067
205070
205084
205087
205088
205090
205104
205122
205135
205137
205156
205161
205165
205178
205190
205192
205207
205220
205226
205227
205246
205251
205257
205266
205267
205286
205290
205332
205347
205363
205369
205389
205396
205398
205401
205407
205421
205447
205453
205456
205459
205470
205472
205473
205474
205478
205495
205499
205515
205517
205519
205520
205530
205538
205542
205543
205548
205549
205557
205562
205568
205569
205581
205586
205587
205596
205605
205610
205624
205627
205630
205631
205650
205652
205654
205657
205669
205670
205671
205672
205674
205689
205704
205719
205720
205723
205726
205739
205748
205765
205781
205807
205823
205839
205859
205860
205867
205874
205891
205896
205899
205907
205909
205928
205934
205943
205945
205948
205980
205983
205999
206002
206008
206011
206012
206018
206024
206025
206039
206043
206045
206054
206056
206067
206081
206082
206090
206105
206133
206144
206150
206155
206164
206182
206190
206191
206200
206201
206202
206209
206213
206220
206240
206242
206253
206268
206269
206273
206282
206303
206325
206330
206331
206337
206338
206365
206393
206394
206396
206398
206419
206427
206438
206440
206455
206462
206472
206485
206491
206498
206509
206519
206534
206551
206557
206558
206560
206562
206577
206579
206585
206590
206597
206611
206616
206622
206642
206649
206675
206679
206680
206693
206697
206702
206705
206720
206730
206735
206754
206758
206780
206787
206790
206794
206795
206810
206813
206826
206829
206830
206832
206835
206840
206851
206861
206863
206866
206867
206871
206877
206886
206889
206897
206899
206914
206918
206920
206952
206960
206968
206970
206973
206986
206989
206994
206998
207004
207017
207020
207023
207026
207044
207052
207056
207079
207085
207088
207091
207102
207104
207111
207127
207136
207157
207158
207171
207172
207174
207177
207181
207196
207207
207208
207209
207210
207222
207250
207252
207253
207254
207263
207275
207279
207285
207286
207289
207296
207313
207318
207322
207331
207343
207346
207360
207369
207378
207395
207401
207404
207412
207414
207421
207429
207432
207439
207443
207446
207463
207492
207497
207510
207521
207523
207526
207528
207529
207542
207545
207550
207555
207559
207562
207570
207576
207577
207578
207584
207588
207590
207604
207610
207611
207626
207636
207641
207660
207668
207677
207681
207682
207690
207698
207704
207705
207706
207710
207727
207732
207769
207772
207789
207795
207798
207801
207808
207812
207815
207824
207839
207849
207873
207877
207904
207918
207920
207925
207934
207935
207949
207960
207962
207964
207968
207989
207996
208001
208003
208010
208018
208021
208031
208037
208044
208049
208050
208051
208052
208054
208057
208059
208060
208078
208081
208085
208090
208099
208115
208124
208125
208155
208164
208165
208171
208183
208184
208218
208223
208225
208226
208235
208239
208240
208243
208249
208253
208258
208260
208261
208266
208284
208300
208304
208305
208316
208317
208318
208320
208321
208323
208338
208355
208376
208378
208380
208384
208385
208412
208413
208449
208460
208461
208463
208464
208466
208468
208469
208474
208477
208478
208479
208484
208498
208503
208504
208509
208516
208526
208528
208536
208544
208545
208550
208554
208557
208558
208565
208572
208574
208578
208586
208587
208588
208589
208593
208594
208595
208597
208602
208618
208622
208636
208646
208661
208669
208682
208684
208693
208694
208696
208702
208703
208704
208707
208717
208722
208724
208740
208747
208756
208757
208759
208765
208780
208805
208819
208822
208823
208825
208826
208830
208841
208842
208844
208855
208856
208857
208858
208860
208862
208866
208869
208872
208875
208879
208883
208884
208893
208901
208904
208924
208930
208934
208939
208940
208941
208946
208948
208960
208983
208984
208991
208992
209018
209021
209030
209042
209057
209075
209076
209100
209104
209108
209110
209112
209116
209133
209135
209142
209148
209155
209156
209157
209163
209171
209172
209188
209211
209213
209214
209216
209222
209227
209228
209230
209241
209251
209252
209261
209265
209268
209272
209279
209286
209329
209332
209349
209358
209360
209363
209381
209401
209413
209416
209424
209425
209428
209442
209447
209454
209455
209457
209462
209465
209485
209495
209497
209515
209519
209533
209534
209536
209542
209548
209552
209574
209583
209599
209613
209614
209616
209618
209627
209650
209663
209675
209679
209681
209684
209685
209695
209711
209747
209755
209761
209767
209769
209771
209792
209799
209805
209808
209811
209824
209827
209831
209836
209843
209857
209859
209872
209884
209900
209904
209910
209927
209959
209962
209963
209964
209969
209977
209978
209996
209998
210012
210015
210018
210020
210025
210026
210040
210042
210043
210044
210045
210050
210054
210055
210065
210072
210089
210093
210097
210103
210104
210137
210147
210148
210167
210175
210177
210178
210181
210184
210190
210197
210205
210210
210238
210247
210250
210251
210252
210261
210276
210278
210283
210293
210294
210310
210311
210312
210320
210322
210328
210331
210333
210360
210375
210377
210381
210388
210393
210405
210415
210417
210422
210423
210426
210451
210455
210470
210509
210516
210524
210536
210541
210558
210565
210567
210595
210610
210614
210637
210641
210662
210682
210686
210690
210694
210713
210727
210742
210751
210760
210761
210771
210772
210777
210787
210794
210796
210820
210835
210844
210865
210868
210870
210874
210877
210879
210883
210893
210897
210916
210920
210923
210927
210940
210943
210950
210956
210994
211003
211005
211008
211010
211011
211013
211029
211032
211061
211081
211087
211088
211094
211098
211100
211101
211115
211116
211131
211144
211163
211166
211178
211185
211186
211197
211198
211207
211208
211223
211231
211239
211242
211297
211300
211302
211317
211320
211335
211347
211350
211353
211360
211367
211377
211380
211381
211389
211390
211396
211399
211405
211417
211434
211435
211452
211460
211472
211477
211479
211484
211485
211521
211529
211531
211533
211578
211588
211590
211609
211615
211640
211649
211656
211658
211664
211665
211671
211672
211678
211680
211696
211697
211701
211703
211704
211705
211707
211708
211714
211718
211723
211725
211747
211756
211774
211775
211778
211788
211789
211797
211806
211807
211811
211818
211828
211829
211830
211835
211842
211870
211872
211877
211878
211885
211891
211893
211895
211901
211909
211914
211917
211918
211941
211946
211947
211959
211963
211964
211976
211982
211992
212000
212012
212013
212016
212021
212024
212025
212033
212051
212065
212068
212080
212086
212103
212109
212110
212116
212117
212118
212133
212148
212149
212154
212158
212161
212165
212170
212172
212176
212181
212190
212191
212204
212214
212216
212218
212221
212225
212233
212238
212261
212279
212280
212281
212284
212290
212292
212296
212307
212311
212321
212333
212346
212350
212357
212364
212369
212371
212378
212392
212406
212410
212413
212416
212417
212424
212426
212438
212446
212453
212460
212476
212488
212490
212499
212501
212503
212505
212511
212512
212521
212549
212572
212582
212584
212586
212601
212613
212614
212640
212648
212657
212658
212660
212694
212698
212713
212719
212731
212740
212741
212747
212772
212800
212808
212810
212816
212820
212827
212833
212835
212848
212852
212864
212867
212869
212874
212875
212883
212897
212915
212919
212926
212947
212960
212987
212990
212991
213016
213035
213050
213052
213053
213056
213058
213059
213067
213071
213076
213077
213078
213084
213085
213089
213097
213107
213114
213117
213118
213121
213122
213125
213131
213133
213136
213138
213146
213147
213157
213158
213160
213163
213168
213171
213174
213207
213241
213244
213246
213251
213253
213255
213257
213258
213276
213279
213281
213283
213292
213293
213325
213327
213332
213338
213345
213350
213364
213389
213399
213406
213430
213432
213433
213435
213439
213448
213456
213462
213468
213474
213475
213491
213500
213509
213534
213553
213556
213566
213567
213581
213583
213584
213586
213594
213608
213617
213640
213641
213650
213657
213667
213680
213688
213691
213694
213701
213712
213720
213728
213731
213749
213750
213751
213768
213787
213809
213810
213812
213819
213822
213823
213827
213845
213856
213861
213863
213867
213869
213872
213880
213889
213904
213910
213914
213915
213921
213925
213926
213930
213931
213933
213949
213959
213964
213988
214015
214016
214021
214028
214030
214036
214042
214052
214077
214078
214082
214083
214092
214095
214109
214121
214130
214139
214142
214148
214155
214160
214161
214193
214209
214211
214216
214235
214247
214251
214252
214256
214263
214265
214278
214282
214294
214303
214315
214316
214337
214338
214345
214349
214363
214372
214377
214384
214413
214432
214434
214438
214455
214458
214466
214481
214516
214519
214529
214544
214549
214575
214576
214595
214603
214610
214625
214636
214647
214648
214653
214666
214671
214683
214708
214712
214714
214729
214734
214735
214739
214744
214747
214754
214761
214770
214778
214782
214798
214801
214804
214823
214829
214830
214838
214847
214850
214868
214880
214891
214894
214895
214897
214900
214905
214906
214910
214913
214918
214945
214947
214953
214960
214971
214983
214990
214992
214998
214999
215005
215006
215007
215010
215014
215015
215017
215018
215023
215030
215039
215060
215069
215076
215084
215085
215087
215092
215110
215111
215114
215145
215147
215151
215157
215159
215169
215187
215190
215196
215205
215212
215219
215221
215225
215227
215230
215240
215242
215243
215249
215252
215258
215276
215280
215300
215302
215313
215320
215327
215329
215337
215341
215349
215357
215360
215364
215383
215395
215397
215400
215427
215434
215444
215450
215452
215465
215471
215472
215499
215500
215505
215524
215534
215544
215552
215554
215562
215564
215566
215576
215582
215594
215606
215610
215614
215615
215616
215617
215622
215624
215631
215637
215642
215646
215652
215676
215678
215679
215683
215685
215686
215687
215702
215703
215717
215719
215720
215721
215722
215735
215741
215751
215753
215755
215759
215773
215777
215802
215804
215808
215816
215826
215853
215864
215865
215869
215877
215897
215900
215901
215904
215915
215932
215944
215947
215951
215952
215967
215977
215989
215995
216017
216021
216028
216033
216049
216052
216063
216081
216083
216096
216120
216132
216146
216159
216170
216171
216183
216184
216201
216205
216208
216209
216212
216218
216231
216244
216249
216259
216279
216283
216285
216289
216302
216311
216329
216331
216339
216359
216361
216384
216396
216423
216425
216436
216442
216447
216466
216473
216483
216498
216500
216505
216506
216507
216508
216511
216512
216533
216534
216536
216540
216543
216546
216562
216572
216585
216597
216599
216609
216610
216626
216642
216645
216653
216658
216686
216693
216699
216718
216726
216727
216728
216730
216746
216766
216767
216769
216789
216806
216810
216811
216814
216816
216818
216823
216832
216849
216867
216881
216894
216898
216899
216902
216903
216911
216918
216924
216927
216931
216934
216988
217001
217011
217013
217015
217032
217034
217039
217045
217048
217073
217079
217084
217089
217092
217104
217111
217119
217126
217132
217149
217152
217161
217162
217179
217181
217195
217206
217230
217237
217238
217241
217262
217263
217281
217294
217301
217303
217306
217309
217319
217369
217371
217372
217373
217377
217378
217381
217383
217388
217394
217397
217413
217418
217442
217448
217468
217482
217500
217516
217518
217547
217556
217558
217575
217577
217581
217582
217593
217595
217596
217615
217633
217645
217653
217656
217657
217658
217662
217668
217679
217703
217726
217727
217728
217738
217746
217750
217754
217757
217762
217767
217777
217782
217792
217793
217795
217798
217801
217812
217822
217860
217862
217869
217877
217886
217898
217906
217909
217919
217921
217930
217931
217936
217938
217945
217956
217970
217972
217983
217993
217997
218005
218034
218053
218054
218078
218106
218118
218125
218128
218143
218164
218176
218192
218196
218207
218212
218222
218227
218242
218249
218256
218265
218267
218269
218275
218282
218295
218299
218303
218319
218326
218353
218354
218359
218376
218381
218398
218415
218418
218427
218429
218439
218455
218463
218464
218473
218486
218487
218488
218510
218511
218518
218519
218532
218534
218535
218536
218540
218543
218549
218552
218558
218584
218585
218587
218589
218597
218598
218599
218615
218623
218628
218633
218640
218661
218662
218672
218673
218674
218675
218679
218681
218683
218692
218707
218722
218727
218728
218729
218735
218764
218766
218767
218784
218799
218801
218817
218840
218889
218898
218941
218960
218962
218974
218978
219007
219011
219026
219034
219044
219057
219059
219083
219097
219098
219108
219110
219112
219113
219117
219119
219122
219131
219163
219175
219186
219187
219191
219206
219211
219216
219224
219237
219259
219269
219277
219278
219279
219281
219290
219292
219298
219312
219313
219324
219332
219338
219342
219344
219345
219349
219350
219355
219385
219390
219404
219418
219426
219437
219445
219448
219449
219452
219458
219462
219472
219478
219479
219482
219508
219510
219522
219545
219555
219565
219569
219575
219576
219580
219588
219597
219600
219610
219622
219624
219626
219634
219635
219637
219638
219639
219645
219655
219656
219657
219658
219677
219679
219682
219689
219691
219702
219711
219713
219715
219716
219719
219727
219732
219736
219740
219749
219769
219771
219782
219790
219803
219851
219870
219881
219896
219910
219913
219916
219921
219928
219937
219946
219953
219958
219970
219975
219976
219978
219984
219987
219991
219996
220014
220022
220027
220029
220038
220041
220043
220073
220079
220087
220088
220099
220100
220106
220112
220113
220126
220152
220155
220159
220162
220170
220176
220188
220189
220195
220196
220222
220235
220244
220245
220254
220261
220271
220279
220283
220285
220289
220293
220299
220308
220317
220327
220339
220345
220357
220361
220367
220369
220373
220397
220400
220417
220430
220440
220465
220469
220472
220476
220478
220497
220525
220533
220539
220541
220546
220547
220556
220565
220574
220576
220577
220604
220636
220639
220644
220645
220646
220647
220648
220649
220650
220651
220657
220676
220678
220686
220692
220701
220704
220715
220725
220727
220746
220748
220756
220758
220759
220763
220765
220782
220809
220819
220820
220830
220831
220835
220844
220845
220847
220859
220861
220865
220884
220888
220894
220895
220903
220906
220914
220935
220944
220949
220956
220968
220994
220995
221000
221010
221023
221028
221048
221053
221054
221055
221067
221084
221087
221101
221109
221110
221113
221135
221138
221142
221146
221167
221172
221174
221182
221185
221198
221209
221211
221226
221227
221230
221246
221278
221287
221288
221290
221302
221326
221336
221346
221377
221389
221400
221401
221411
221412
221417
221443
221453
221454
221460
221469
221474
221478
221480
221486
221493
221498
221509
221524
221527
221528
221540
221541
221557
221562
221564
221566
221574
221575
221577
221588
221613
221626
221632
221641
221644
221668
221670
221681
221706
221756
221757
221763
221776
221778
221783
221803
221814
221817
221818
221844
221849
221858
221859
221865
221883
221884
221893
221912
221919
221929
221933
221940
221947
221977
221979
221998
221999
222005
222012
222016
222033
222038
222050
222056
222057
222075
222077
222084
222089
222102
222110
222120
222121
222124
222154
222161
222164
222174
222177
222201
222203
222238
222257
222267
222272
222280
222286
222287
222290
222309
222327
222329
222343
222345
222355
222356
222373
222378
222388
222406
222414
222416
222425
222430
222454
222456
222487
222493
222495
222501
222503
222504
222515
222523
222534
222535
222541
222544
222551
222552
222554
222560
222565
222572
222575
222577
222579
222590
222604
222606
222607
222642
222648
222651
222656
222659
222673
222692
222695
222703
222720
222722
222730
222742
222752
222763
222780
222784
222786
222801
222803
222804
222806
222808
222838
222844
222847
222849
222851
222852
222872
222884
222888
222904
222912
222915
222928
222932
222969
222980
222985
222993
223006
223007
223017
223036
223056
223065
223074
223078
223088
223108
223119
223121
223122
223129
223131
223134
223139
223143
223144
223145
223148
223149
223150
223165
223171
223178
223184
223199
223212
223216
223217
223225
223232
223260
223268
223288
223298
223301
223302
223304
223307
223317
223332
223334
223352
223354
223357
223365
223367
223373
223379
223388
223391
223398
223399
223403
223405
223406
223421
223436
223472
223516
223519
223527
223541
223556
223557
223558
223578
223612
223613
223623
223629
223632
223637
223639
223650
223651
223652
223657
223661
223664
223670
223682
223686
223690
223695
223696
223699
223700
223730
223750
223755
223761
223770
223779
223790
223791
223806
223830
223831
223832
223846
223853
223856
223861
223868
223869
223871
223874
223877
223893
223894
223910
223911
223916
223922
223924
223925
223934
223948
223977
223986
223989
223992
224001
224012
224016
224022
224026
224043
224045
224046
224054
224070
224073
224085
224091
224093
224095
224096
224098
224116
224120
224136
224158
224159
224188
224194
224198
224200
224205
224206
224207
224209
224211
224213
224231
224248
224254
224258
224259
224274
224278
224288
224291
224296
224312
224313
224340
224352
224355
224379
224392
224409
224411
224431
224440
224494
224506
224535
224545
224558
224559
224589
224592
224600
224601
224611
224621
224632
224633
224638
224648
224649
224671
224677
224693
224694
224738
224754
224771
224775
224785
224809
224815
224829
224839
224840
224843
224844
224867
224890
224905
224906
224907
224925
224927
224933
224940
224943
224944
224949
224957
224958
224965
224972
224973
224990
224991
224994
225006
225016
225021
225035
225044
225056
225072
225073
225107
225109
225120
225121
225123
225124
225128
225139
225144
225155
225156
225162
225176
225179
225189
225194
225208
225214
225220
225235
225239
225242
225254
225277
225287
225296
225302
225326
225330
225342
225347
225364
225379
225401
225405
225408
225410
225414
225443
225444
225456
225459
225467
225472
225480
225484
225492
225494
225497
225513
225564
225572
225577
225579
225588
225590
225607
225615
225641
225656
225666
225667
225672
225681
225693
225694
225705
225709
225714
225726
225757
225758
225760
225768
225769
225804
225813
225815
225825
225827
225842
225855
225861
225864
225886
225946
225973
225981
225991
225995
226031
226035
226048
226081
226083
226088
226110
226167
226179
226188
226191
226193
226209
226225
226237
226247
226265
226272
226282
226300
226301
226305
226321
226334
226345
226349
226370
226375
226376
226381
226386
226397
226432
226437
226445
226473
226487
226488
226494
226499
226502
226514
226516
226533
226534
226545
226562
226563
226566
226584
226618
226636
226642
226646
226667
226672
226673
226684
226694
226695
226696
226697
226702
226706
226707
226709
226719
226723
226725
226732
226751
226752
226759
226766
226768
226771
226772
226775
226778
226784
226787
226791
226800
226801
226816
226835
226843
226846
226847
226855
226856
226860
226886
226904
226912
226929
226943
226948
226964
226972
226981
226985
226993
227006
227009
227022
227024
227035
227038
227045
227046
227053
227054
227055
227057
227059
227074
227079
227087
227091
227095
227099
227108
227111
227114
227119
227122
227123
227126
227136
227137
227139
227143
227153
227159
227163
227171
227176
227180
227183
227192
227212
227214
227242
227245
227271
227273
227275
227294
227321
227327
227328
227341
227363
227376
227392
227427
227430
227431
227445
227455
227481
227512
227521
227522
227573
227599
227602
227606
227614
227631
227632
227652
227701
227760
227790
227791
227807
227815
227828
227880
227881
227900
227902
227915
227916
227919
227925
227941
227978
227979
228000
228018
228020
228031
228040
228059
228096
228097
228130
228131
228145
228159
228162
228165
228180
228207
228217
228224
228226
228230
228242
228254
228277
228279
228301
228310
228315
228334
228336
228340
228369
228390
228403
228405
228422
228425
228431
228446
228451
228463
228484
228489
228507
228512
228516
228538
228541
228546
228560
228566
228567
228577
228580
228594
228595
228611
228626
228643
228654
228667
228668
228680
228688
228689
228695
228709
228712
228713
228719
228721
228727
228734
228735
228737
228748
228749
228750
228756
228759
228804
228806
228814
228819
228821
228826
228829
228834
228838
228856
228876
228896
228897
228906
228913
228917
228923
228927
228943
228946
228959
228967
228980
228993
229007
229024
229056
229063
229065
229089
229115
229118
229134
229135
229144
229147
229155
229157
229164
229169
229170
229172
229173
229179
229186
229199
229210
229226
229235
229237
229245
229248
229255
229256
229259
229260
229266
229277
229287
229289
229307
229321
229357
229363
229402
229454
229455
229456
229462
229466
229473
229485
229486
229487
229498
229500
229517
229520
229534
229535
229549
229559
229563
229568
229574
229581
229582
229583
229606
229624
229638
229642
229648
229650
229654
229666
229669
229677
229695
229697
229703
229712
229742
229744
229747
229782
229803
229808
229813
229819
229828
229830
229854
229856
229860
229861
229862
229863
229866
229868
229871
229879
229890
229891
229898
229911
229938
229942
229944
229949
229972
229973
229978
229979
229982
229991
229996
230011
230017
230024
230028
230029
230030
230032
230042
230043
230057
230077
230080
230086
230089
230114
230117
230142
230144
230160
230168
230169
230177
230179
230190
230199
230219
230254
230284
230295
230312
230334
230338
230339
230340
230346
230367
230368
230375
230380
230420
230425
230431
230439
230444
230458
230459
230460
230466
230473
230480
230514
230519
230520
230523
230528
230532
230544
230560
230570
230610
230613
230614
230616
230635
230650
230651
230654
230667
230670
230673
230706
230707
230716
230721
230739
230741
230751
230764
230765
230768
230785
230796
230803
230811
230817
230821
230822
230824
230825
230829
230838
230845
230847
230850
230860
230876
230880
230882
230891
230924
230945
230946
230965
230967
230991
231005
231011
231018
231025
231030
231034
231038
231043
231057
231077
231086
231088
231093
231094
231112
231113
231115
231117
231122
231136
231141
231143
231156
231161
231173
231179
231185
231208
231226
231242
231249
231258
231259
231264
231269
231279
231288
231294
231295
231304
231328
231368
231380
231381
231390
231402
231404
231452
231458
231479
231490
231496
231501
231519
231549
231552
231581
231582
231602
231603
231612
231631
231639
231642
231647
231652
231660
231671
231675
231735
231742
231747
231755
231762
231768
231797
231800
231821
231845
231853
231855
231858
231875
231878
231886
231887
231898
231914
231929
231933
231942
231949
231957
231968
231979
232015
232037
232042
232056
232057
232058
232069
232073
232075
232080
232094
232095
232097
232099
232100
232110
232132
232133
232159
232162
232165
232171
232184
232207
232208
232216
232228
232231
232250
232260
232273
232288
232296
232322
232332
232334
232344
232345
232346
232348
232365
232367
232371
232373
232383
232387
232388
232446
232451
232466
232470
232471
232473
232485
232491
232493
232513
232514
232551
232556
232562
232572
232579
232594
232596
232622
232632
232640
232663
232664
232666
232685
232690
232722
232727
232729
232730
232737
232743
232744
232745
232765
232768
232778
232800
232812
232823
232836
232864
232876
232877
232882
232895
232909
232910
232919
232923
232924
232935
232963
232967
232972
232986
232995
233031
233035
233039
233050
233051
233058
233073
233079
233082
233099
233104
233156
233173
233174
233188
233207
233238
233242
233288
233293
233295
233301
233305
233308
233319
233336
233337
233341
233356
233382
233388
233389
233392
233402
233408
233414
233416
233418
233419
233423
233428
233431
233432
233437
233452
233463
233480
233484
233486
233491
233496
233501
233505
233506
233513
233514
233519
233528
233544
233546
233549
233552
233556
233564
233570
233574
233575
233578
233580
233595
233604
233609
233625
233643
233646
233683
233686
233688
233693
233695
233696
233707
233708
233714
233728
233729
233735
233757
233765
233771
233776
233780
233784
233785
233790
233804
233805
233841
233861
233869
233883
233885
233887
233889
233896
233903
233914
233920
233924
233925
233926
233928
233946
233948
233979
233983
233986
233990
233991
233992
234006
234008
234009
234021
234029
234050
234060
234062
234063
234066
234079
234089
234108
234114
234122
234139
234157
234164
234170
234184
234190
234220
234222
234230
234246
234272
234273
234288
234298
234302
234308
234314
234332
234342
234344
234349
234356
234359
234365
234379
234388
234418
234427
234432
234438
234448
234451
234455
234462
234463
234465
234484
234493
234503
234518
234543
234548
234554
234559
234560
234587
234588
234590
234594
234607
234608
234612
234633
234650
234656
234657
234671
234673
234681
234682
234685
234691
234744
234750
234761
234771
234802
234808
234810
234819
234849
234864
234865
234867
234880
234889
234897
234902
234920
234922
234923
234948
234955
234960
234973
234988
234992
234994
234997
234998
234999
235001
235002
235003
235012
235021
235022
235023
235024
235049
235050
235053
235058
235069
235085
235088
235095
235098
235103
235106
235117
235127
235138
235142
235145
235153
235154
235157
235171
235188
235199
235200
235207
235214
235215
235217
235224
235225
235227
235232
235241
235246
235248
235258
235262
235268
235284
235288
235303
235314
235315
235319
235320
235325
235338
235345
235347
235348
235402
235406
235417
235434
235439
235448
235450
235454
235456
235457
235495
235517
235524
235553
235576
235584
235596
235600
235604
235610
235614
235618
235631
235663
235665
235674
235675
235699
235715
235727
235740
235743
235747
235748
235749
235755
235759
235764
235771
235778
235782
235783
235785
235799
235807
235811
235838
235847
235848
235859
235861
235883
235884
235888
235889
235895
235917
235923
235931
235933
235935
235951
235965
235981
235998
236015
236019
236023
236030
236035
236043
236060
236068
236077
236083
236091
236113
236124
236128
236132
236152
236161
236162
236166
236183
236188
236191
236216
236217
236234
236236
236243
236258
236259
236272
236275
236278
236287
236290
236299
236315
236324
236337
236363
236364
236368
236376
236399
236409
236412
236415
236421
236433
236439
236442
236451
236454
236462
236463
236467
236469
236478
236479
236490
236491
236492
236498
236500
236502
236504
236508
236513
236531
236534
236537
236539
236542
236545
236551
236553
236558
236573
236602
236606
236609
236613
236627
236638
236652
236654
236667
236679
236680
236683
236689
236690
236691
236700
236725
236737
236757
236758
236768
236773
236778
236784
236793
236802
236809
236829
236834
236848
236859
236864
236868
236879
236890
236909
236915
236921
236924
236931
236957
236958
236963
236974
236978
236979
236989
237008
237016
237030
237032
237049
237051
237075
237088
237100
237101
237115
237144
237151
237154
237193
237194
237203
237226
237232
237233
237240
237251
237252
237257
237270
237272
237309
237317
237329
237364
237367
237397
237408
237411
237426
237447
237452
237458
237481
237488
237489
237499
237509
237510
237520
237525
237533
237536
237548
237557
237562
237576
237578
237579
237585
237603
237607
237616
237625
237629
237638
237685
237699
237711
237721
237724
237732
237743
237748
237781
237785
237787
237792
237803
237855
237859
237860
237870
237877
237886
237889
237891
237926
237928
237934
237948
237952
237957
237961
237971
237978
237993
237995
238001
238004
238006
238013
238014
238016
238017
238022
238031
238043
238048
238055
238063
238075
238088
238089
238103
238106
238108
238113
238126
238129
238143
238146
238147
238148
238150
238152
238167
238180
238197
238206
238218
238220
238225
238250
238274
238275
238289
238291
238318
238326
238328
238339
238343
238361
238364
238389
238405
238406
238417
238434
238438
238475
238477
238481
238482
238503
238513
238517
238518
238530
238532
238534
238551
238571
238581
238592
238606
238608
238609
238610
238619
238624
238631
238645
238647
238649
238650
238651
238669
238683
238703
238709
238716
238735
238759
238761
238773
238774
238777
238779
238792
238829
238830
238832
238863
238868
238871
238892
238893
238894
238897
238900
238914
238915
238920
238951
238956
238957
238958
238964
238968
238973
238975
238981
238988
238991
238993
239005
239016
239021
239023
239024
239027
239031
239032
239034
239036
239042
239053
239069
239071
239073
239092
239098
239106
239107
239108
239109
239123
239124
239128
239133
239136
239156
239157
239208
239209
239235
239241
239244
239290
239293
239309
239337
239338
239339
239341
239347
239348
239351
239360
239381
239385
239386
239396
239407
239416
239421
239425
239429
239447
239448
239452
239453
239454
239456
239471
239482
239489
239521
239533
239534
239548
239549
239550
239556
239557
239581
239602
239606
239627
239640
239644
239655
239657
239663
239668
239683
239687
239690
239693
239703
239710
239715
239720
239724
239725
239727
239737
239743
239747
239752
239756
239788
239797
239807
239819
239847
239848
239857
239860
239866
239879
239894
239909
239911
239912
239914
239919
239923
239926
239955
239974
239980
239986
239988
239992
240000
240001
240006
240011
240012
240031
240059
240061
240067
240072
240076
240086
240090
240094
240097
240114
240117
240120
240136
240141
240143
240151
240158
240166
240168
240178
240182
240183
240190
240194
240206
240211
240212
240243
240245
240252
240254
240260
240261
240266
240268
240320
240322
240323
240329
240331
240333
240351
240361
240369
240378
240399
240412
240413
240423
240448
240453
240473
240478
240488
240489
240497
240528
240545
240554
240562
240573
240600
240604
240613
240623
240624
240626
240636
240640
240654
240665
240672
240681
240683
240707
240709
240729
240732
240735
240739
240748
240752
240757
240762
240789
240797
240800
240805
240822
240824
240833
240836
240838
240841
240853
240856
240869
240888
240911
240912
240916
240930
240955
240959
240972
240997
240999
241004
241007
241010
241014
241037
241053
241061
241062
241069
241086
241100
241106
241115
241128
241132
241165
241167
241169
241172
241180
241185
241204
241217
241228
241248
241254
241255
241256
241264
241269
241277
241278
241282
241300
241309
241322
241323
241329
241338
241340
241353
241359
241363
241364
241375
241388
241394
241395
241396
241400
241403
241416
241427
241442
241468
241489
241491
241501
241502
241515
241523
241525
241539
241556
241568
241585
241592
241599
241611
241616
241631
241644
241655
241661
241689
241690
241700
241701
241702
241715
241737
241741
241742
241744
241766
241781
241790
241793
241801
241830
241833
241836
241838
241842
241847
241852
241854
241856
241864
241874
241891
241896
241897
241899
241909
241917
241927
241953
241957
241963
241965
241968
241970
241984
241992
242003
242009
242023
242025
242028
242044
242056
242059
242092
242097
242108
242116
242120
242125
242139
242145
242152
242165
242168
242174
242175
242182
242186
242193
242198
242203
242206
242230
242235
242249
242257
242280
242304
242316
242317
242325
242342
242345
242365
242367
242369
242373
242374
242386
242391
242397
242406
242427
242429
242442
242444
242446
242448
242449
242453
242454
242462
242466
242479
242484
242485
242494
242501
242506
242507
242539
242543
242544
242567
242578
242605
242607
242612
242616
242633
242643
242644
242646
242653
242655
242657
242658
242660
242670
242671
242687
242691
242692
242693
242694
242695
242696
242698
242699
242700
242701
242702
242703
242720
242724
242733
242749
242750
242758
242761
242769
242787
242788
242794
242799
242804
242805
242811
242824
242827
242833
242836
242842
242847
242848
242852
242855
242868
242870
242883
242885
242887
242890
242905
242930
242936
242947
242949
242954
242957
242965
242968
242973
242976
242980
242985
242986
242992
243015
243024
243038
243041
243050
243052
243073
243074
243075
243076
243078
243085
243099
243104
243110
243112
243120
243123
243128
243141
243142
243144
243145
243165
243198
243199
243203
243214
243218
243225
243261
243267
243268
243274
243275
243280
243298
243320
243322
243325
243343
243365
243366
243368
243369
243371
243390
243395
243396
243402
243403
243404
243413
243423
243424
243430
243439
243440
243446
243454
243461
243470
243474
243489
243492
243503
243504
243509
243510
243512
243514
243590
243595
243627
243640
243642
243644
243649
243675
243680
243687
243697
243706
243707
243712
243718
243719
243722
243768
243793
243799
243804
243820
243825
243858
243878
243880
243893
243914
243922
243934
243947
243967
243976
243983
243990
244005
244012
244017
244018
244026
244029
244032
244046
244065
244066
244074
244077
244079
244081
244087
244094
244101
244105
244115
244128
244141
244145
244156
244158
244159
244163
244216
244220
244227
244250
244251
244252
244267
244269
244278
244287
244297
244299
244304
244309
244311
244317
244318
244319
244324
244346
244352
244372
244375
244378
244383
244389
244390
244404
244414
244415
244418
244419
244451
244465
244471
244504
244517
244549
244551
244557
244562
244567
244584
244585
244597
244600
244607
244613
244614
244616
244620
244629
244648
244667
244671
244672
244673
244684
244686
244708
244732
244735
244745
244749
244752
244753
244765
244770
244771
244774
244799
244800
244821
244834
244836
244855
244863
244871
244882
244895
244899
244906
244921
244928
244929
244943
244958
244972
244974
244989
244992
244995
244998
244999
245013
245014
245037
245041
245042
245047
245052
245054
245060
245067
245074
245085
245102
245112
245117
245125
245136
245162
245169
245180
245198
245207
245220
245222
245251
245257
245277
245281
245284
245305
245309
245312
245314
245316
245330
245352
245364
245378
245381
245382
245403
245409
245420
245425
245427
245428
245432
245443
245450
245451
245452
245457
245458
245462
245464
245466
245472
245485
245487
245491
245495
245510
245516
245553
245555
245556
245562
245563
245586
245598
245602
245604
245608
245612
245618
245641
245647
245655
245663
245668
245670
245677
245696
245706
245723
245731
245732
245746
245747
245749
245752
245755
245760
245762
245763
245765
245768
245770
245771
245782
245785
245786
245821
245838
245844
245861
245867
245887
245912
245920
245927
245944
245958
245960
245967
245976
245981
245989
245994
246007
246010
246018
246030
246038
246039
246058
246059
246069
246081
246094
246118
246119
246128
246132
246133
246144
246152
246166
246200
246222
246238
246270
246283
246284
246285
246297
246304
246305
246312
246366
246410
246414
246417
246422
246431
246432
246459
246463
246486
246490
246498
246559
246561
246576
246602
246620
246621
246622
246643
246645
246647
246668
246673
246677
246679
246682
246700
246701
246705
246724
246736
246744
246756
246777
246780
246782
246796
246798
246827
246842
246854
246860
246886
246887
246906
246909
246913
246930
246932
246938
246950
246955
246958
246963
246968
247007
247013
247023
247026
247028
247035
247039
247072
247078
247090
247104
247106
247118
247121
247152
247160
247166
247181
247196
247199
247213
247217
247220
247231
247232
247239
247244
247249
247251
247263
247270
247274
247275
247283
247286
247291
247298
247299
247307
247322
247330
247337
247357
247364
247380
247381
247397
247402
247405
247414
247415
247417
247418
247426
247433
247437
247438
247448
247455
247462
247467
247495
247496
247498
247499
247505
247511
247516
247529
247540
247546
247554
247568
247586
247595
247596
247599
247601
247624
247634
247644
247654
247660
247661
247676
247678
247691
247693
247700
247713
247734
247743
247745
247748
247756
247772
247780
247781
247791
247793
247798
247805
247812
247849
247864
247867
247875
247876
247880
247903
247941
247967
247981
247982
247983
247989
247999
248000
248003
248008
248020
248022
248023
248030
248043
248046
248050
248058
248066
248071
248072
248076
248085
248086
248105
248110
248116
248129
248147
248159
248160
248168
248181
248190
248218
248233
248249
248252
248259
248275
248290
248297
248303
248305
248310
248319
248330
248333
248334
248336
248341
248348
248351
248355
248358
248368
248372
248373
248377
248381
248386
248396
248402
248407
248413
248415
248422
248429
248437
248438
248442
248443
248446
248451
248455
248463
248466
248469
248470
248473
248474
248476
248493
248496
248499
248500
248509
248512
248522
248527
248529
248532
248539
248553
248562
248585
248586
248588
248613
248620
248623
248625
248629
248630
248632
248639
248640
248654
248666
248687
248691
248696
248698
248699
248700
248702
248706
248711
248713
248728
248741
248743
248754
248757
248768
248774
248775
248778
248783
248789
248796
248802
248810
248811
248818
248834
248835
248836
248838
248846
248859
248870
248872
248873
248876
248877
248879
248881
248883
248894
248898
248900
248905
248911
248927
248933
248935
248936
248946
248953
248958
248960
248963
248966
248991
249010
249021
249025
249028
249039
249048
249049
249055
249069
249070
249078
249082
249134
249137
249139
249159
249161
249163
249169
249175
249176
249183
249186
249189
249216
249224
249225
249249
249254
249281
249285
249302
249309
249334
249344
249350
249357
249359
249360
249372
249377
249379
249380
249384
249385
249389
249405
249416
249427
249436
249446
249450
249472
249473
249477
249479
249481
249493
249494
249513
249514
249523
249528
249551
249554
249555
249556
249557
249558
249560
249575
249576
249577
249578
249582
249591
249592
249610
249622
249629
249643
249667
249677
249687
249695
249696
249698
249704
249719
249727
249736
249741
249746
249749
249753
249763
249776
249779
249785
249786
249797
249801
249814
249815
249818
249858
249859
249871
249884
249900
249913
249921
249933
249935
249937
249938
249941
249953
249959
249977
249983
249991
249995
250010
250018
250031
250036
250044
250052
250072
250076
250084
250090
250104
250121
250126
250128
250132
250148
250149
250159
250161
250170
250173
250174
250191
250201
250215
250216
250226
250229
250232
250243
250261
250262
250301
250308
250317
250325
250339
250341
250343
250346
250351
250354
250355
250356
250358
250363
250374
250380
250382
250390
250392
250395
250416
250421
250422
250430
250443
250444
250445
250447
250448
250451
250453
250459
250460
250461
250489
250490
250499
250500
250502
250504
250520
250531
250532
250549
250557
250567
250568
250572
250574
250575
250579
250590
250598
250599
250602
250625
250627
250658
250659
250667
250668
250679
250682
250689
250690
250691
250692
250694
250695
250712
250714
250716
250717
250796
250822
250842
250844
250845
250862
250868
250876
250879
250912
250922
250940
250942
250943
250948
250952
250959
250963
250968
250981
251009
251016
251035
251046
251048
251056
251060
251071
251075
251085
251093
251124
251129
251134
251152
251153
251156
251161
251177
251178
251186
251191
251201
251203
251205
251211
251212
251225
251233
251235
251239
251241
251242
251243
251244
251245
251248
251252
251257
251258
251259
251273
251274
251292
251293
251297
251301
251307
251313
251315
251317
251328
251345
251347
251350
251353
251355
251357
251362
251363
251369
251376
251378
251412
251417
251436
251443
251451
251454
251459
251464
251470
251481
251487
251494
251499
251513
251542
251543
251549
251550
251552
251553
251557
251572
251576
251577
251578
251585
251587
251591
251595
251605
251606
251608
251609
251616
251629
251646
251648
251655
251658
251664
251674
251685
251689
251695
251701
251714
251736
251741
251742
251754
251765
251768
251769
251778
251779
251788
251793
251803
251807
251825
251844
251861
251862
251867
251894
251901
251908
251915
251930
251959
251968
251970
251971
251973
252001
252004
252009
252013
252014
252024
252034
252054
252058
252082
252100
252110
252111
252116
252125
252140
252141
252161
252174
252175
252192
252203
252226
252235
252254
252255
252259
252281
252299
252308
252332
252340
252346
252352
252360
252362
252378
252387
252392
252491
252497
252510
252513
252534
252587
252627
252647
252673
252682
252688
252691
252699
252711
252714
252719
252731
252738
252753
252755
252756
252757
252759
252788
252790
252798
252810
252811
252813
252815
252819
252825
252844
252878
252889
252890
252891
252892
252901
252907
252913
252925
252926
252942
252946
252951
252964
252971
252973
252979
252986
252994
253001
253011
253021
253028
253046
253052
253058
253069
253074
253078
253081
253090
253095
253096
253105
253110
253114
253118
253125
253126
253129
253135
253136
253139
253160
253164
253166
253179
253205
253214
253216
253220
253235
253243
253255
253274
253279
253281
253289
253316
253317
253330
253364
253365
253386
253391
253397
253399
253400
253402
253412
253414
253428
253434
253445
253446
253481
253487
253494
253496
253510
253512
253519
253530
253532
253533
253538
253543
253550
253557
253566
253573
253579
253596
253612
253619
253620
253631
253642
253646
253648
253671
253673
253674
253680
253694
253710
253714
253718
253724
253727
253745
253755
253757
253773
253787
253789
253792
253795
253796
253811
253832
253836
253845
253862
253863
253866
253868
253887
253889
253897
253898
253901
253902
253910
253911
253916
253917
253930
253934
253936
253949
253979
253994
254000
254006
254014
254020
254021
254033
254036
254038
254062
254070
254080
254084
254090
254094
254102
254104
254115
254123
254128
254137
254140
254145
254155
254157
254162
254164
254196
254204
254213
254217
254226
254227
254231
254235
254242
254248
254258
254278
254291
254307
254332
254334
254352
254368
254385
254395
254402
254423
254424
254430
254437
254457
254458
254460
254463
254467
254471
254486
254490
254515
254521
254537
254547
254558
254573
254580
254592
254599
254603
254604
254623
254637
254638
254639
254643
254664
254673
254685
254687
254723
254727
254729
254732
254735
254738
254769
254774
254775
254791
254792
254801
254809
254819
254821
254824
254829
254860
254883
254887
254889
254893
254897
254901
254903
254906
254911
254930
254931
254934
254935
254940
254946
254956
254977
254983
254987
254991
255021
255030
255035
255043
255048
255055
255061
255074
255081
255095
255099
255106
255108
255123
255131
255136
255139
255147
255157
255165
255172
255184
255188
255198
255231
255234
255240
255242
255249
255253
255256
255265
255271
255279
255284
255297
255299
255303
255305
255314
255330
255332
255353
255362
255375
255386
255428
255429
255438
255450
255451
255461
255476
255506
255509
255532
255534
255535
255563
255574
255599
255602
255603
255606
255611
255613
255616
255632
255637
255639
255669
255672
255682
255733
255746
255756
255761
255763
255765
255783
255784
255785
255788
255789
255804
255809
255820
255826
255841
255852
255858
255859
255869
255875
255880
255881
255884
255898
255900
255910
255911
255916
255923
255928
255940
255945
255953
255955
255959
255964
255966
255976
255979
255983
255994
255995
256020
256038
256042
256051
256055
256069
256074
256084
256085
256093
256121
256123
256127
256133
256143
256154
256159
256163
256167
256188
256190
256194
256222
256223
256236
256264
256271
256272
256307
256321
256323
256329
256339
256351
256356
256367
256372
256391
256394
256404
256412
256420
256427
256457
256462
256465
256470
256489
256491
256493
256496
256499
256505
256536
256555
256556
256572
256574
256587
256606
256607
256609
256628
256632
256634
256649
256679
256687
256708
256714
256715
256727
256740
256754
256760
256775
256785
256791
256795
256802
256816
256824
256825
256826
256828
256830
256836
256848
256886
256892
256895
256900
256902
256908
256919
256932
256936
256938
256944
256952
256964
256973
256975
256979
256983
256991
256994
257010
257012
257018
257029
257037
257041
257060
257068
257076
257078
257088
257090
257091
257092
257103
257111
257116
257120
257124
257131
257133
257134
257140
257147
257170
257174
257177
257185
257186
257195
257223
257232
257233
257235
257246
257247
257252
257255
257258
257260
257263
257265
257270
257272
257278
257280
257285
257291
257309
257310
257316
257320
257344
257352
257353
257356
257369
257380
257383
257395
257403
257426
257448
257484
257505
257536
257542
257543
257574
257583
257602
257605
257606
257609
257618
257640
257647
257648
257656
257661
257665
257679
257688
257696
257704
257709
257720
257748
257750
257759
257774
257777
257798
257800
257805
257811
257824
257831
257836
257842
257855
257877
257880
257882
257884
257905
257917
257926
257928
257937
257943
257955
257968
257977
257989
258014
258026
258030
258031
258034
258038
258049
258060
258074
258086
258090
258098
258115
258116
258126
258144
258148
258149
258150
258151
258156
258159
258163
258177
258178
258183
258188
258191
258200
258207
258214
258217
258220
258227
258232
258255
258268
258279
258280
258314
258317
258323
258334
258336
258338
258360
258375
258381
258385
258404
258414
258416
258417
258418
258421
258423
258427
258428
258429
258430
258432
258435
258441
258467
258486
258490
258549
258569
258571
258578
258579
258588
258592
258598
258606
258619
258621
258636
258646
258647
258649
258650
258652
258659
258665
258671
258684
258685
258686
258687
258688
258724
258731
258739
258744
258782
258798
258813
258835
258836
258837
258844
258846
258849
258881
258890
258893
258897
258908
258909
258943
258951
258969
258996
258998
259006
259007
259010
259014
259021
259027
259028
259030
259031
259032
259033
259042
259048
259056
259068
259070
259096
259100
259108
259120
259127
259128
259132
259133
259143
259147
259149
259152
259157
259159
259161
259169
259188
259191
259218
259227
259228
259281
259286
259303
259306
259326
259327
259329
259332
259337
259353
259369
259411
259417
259430
259443
259449
259450
259459
259461
259464
259473
259477
259509
259517
259522
259530
259537
259538
259540
259545
259555
259566
259578
259585
259586
259601
259634
259636
259640
259646
259648
259657
259658
259659
259671
259673
259677
259678
259682
259717
259724
259728
259744
259752
259760
259765
259772
259779
259788
259796
259801
259855
259865
259874
259889
259893
259902
259909
259911
259933
259969
259971
259975
259986
259991
259996
260000
260002
260009
260016
260022
260028
260030
260058
260067
260100
260127
260141
260151
260170
260173
260174
260178
260185
260191
260218
260242
260259
260281
260289
260290
260297
260298
260300
260305
260311
260314
260331
260332
260344
260355
260358
260359
260360
260390
260400
260403
260405
260426
260434
260448
260458
260461
260465
260470
260472
260487
260510
260520
260537
260538
260543
260548
260556
260569
260582
260601
260612
260618
260624
260625
260631
260640
260676
260677
260684
260687
260689
260712
260723
260725
260727
260740
260746
260758
260765
260768
260772
260775
260778
260779
260808
260819
260841
260857
260858
260864
260876
260879
260883
260885
260931
260941
260945
260953
260960
260979
260980
260982
260987
260993
261004
261007
261009
261018
261026
261033
261055
261057
261058
261077
261094
261120
261128
261136
261142
261143
261150
261155
261162
261182
261196
261199
261200
261206
261212
261227
261239
261243
261248
261263
261266
261267
261283
261287
261290
261309
261311
261315
261322
261334
261335
261340
261342
261347
261350
261367
261388
261399
261438
261445
261451
261466
261480
261492
261498
261499
261501
261511
261524
261526
261547
261556
261560
261564
261572
261574
261615
261626
261629
261631
261649
261665
261670
261671
261686
261708
261712
261722
261757
261765
261770
261771
261773
261776
261800
261812
261823
261825
261834
261839
261857
261864
261867
261868
261869
261870
261872
261884
261891
261895
261902
261909
261911
261915
261924
261980
261983
261991
261992
261998
262002
262010
262017
262037
262038
262068
262086
262091
262093
262098
262100
262101
262108
262124
262149
262164
262165
262167
262173
262180
262189
262190
262240
262247
262251
262255
262263
262276
262283
262285
262293
262295
262298
262299
262318
262324
262325
262327
262330
262337
262339
262341
262353
262357
262365
262372
262388
262413
262416
262434
262447
262456
262460
262464
262465
262470
262472
262478
262480
262482
262491
262496
262499
262503
262520
262526
262540
262542
262561
262572
262595
262628
262646
262647
262681
262695
262714
262731
262732
262745
262758
262775
262777
262781
262793
262795
262796
262805
262812
262826
262831
262833
262850
262854
262880
262890
262893
262897
262913
262917
262971
262974
262979
262989
263016
263017
263020
263026
263034
263037
263045
263048
263051
263055
263072
263081
263087
263089
263091
263094
263097
263102
263107
263123
263125
263136
263145
263146
263152
263169
263189
263198
263202
263203
263205
263210
263211
263213
263227
263236
263251
263257
263264
263267
263279
263292
263330
263333
263341
263342
263344
263353
263355
263367
263378
263391
263400
263412
263413
263417
263427
263428
263439
263441
263445
263488
263493
263497
263508
263516
263525
263532
263542
263545
263555
263584
263587
263591
263593
263597
263598
263606
263626
263628
263632
263640
263668
263672
263686
263688
263693
263709
263716
263724
263737
263748
263755
263763
263765
263769
263770
263786
263792
263808
263811
263839
263867
263882
263883
263893
263912
263919
263929
263938
263943
263949
263969
263985
264003
264012
264016
264017
264019
264027
264075
264076
264077
264078
264080
264081
264108
264113
264125
264126
264127
264128
264136
264138
264204
264207
264209
264234
264235
264242
264243
264249
264282
264289
264320
264322
264356
264399
264404
264416
264422
264491
264534
264552
264567
264571
264577
264585
264609
264623
264625
264627
264633
264640
264652
264653
264657
264666
264677
264683
264697
264709
264712
264717
264741
264742
264745
264752
264801
264808
264815
264816
264822
264831
264835
264849
264861
264862
264863
264886
264887
264912
264916
264918
264922
264936
264940
264944
264952
264953
264955
264958
264966
264971
264977
264989
264995
264996
264998
264999
265011
265013
265018
265022
265032
265036
265040
265059
265063
265079
265088
265093
265103
265118
265131
265137
265139
265143
265145
265153
265155
265189
265196
265201
265203
265205
265207
265231
265232
265239
265250
265251
265253
265255
265269
265271
265273
265279
265285
265306
265310
265322
265329
265331
265347
265371
265379
265395
265397
265414
265430
265452
265455
265458
265466
265470
265486
265491
265492
265493
265497
265501
265506
265512
265532
265552
265571
265574
265575
265579
265585
265594
265599
265610
265617
265620
265634
265641
265646
265650
265670
265677
265693
265698
265699
265703
265707
265722
265739
265741
265754
265759
265762
265769
265778
265791
265806
265807
265828
265834
265837
265841
265845
265851
265874
265884
265899
265945
265953
265962
265971
265978
265980
265984
265994
265999
266003
266016
266021
266056
266063
266104
266105
266112
266120
266128
266132
266172
266173
266176
266177
266180
266186
266187
266191
266202
266210
266226
266235
266242
266244
266250
266254
266268
266273
266275
266284
266288
266292
266293
266301
266321
266329
266332
266335
266353
266391
266392
266408
266410
266412
266414
266429
266435
266451
266455
266460
266480
266481
266483
266485
266487
266497
266515
266517
266523
266525
266529
266533
266534
266544
266546
266569
266573
266574
266576
266583
266584
266625
266631
266655
266674
266678
266679
266685
266694
266707
266713
266725
266730
266732
266748
266750
266756
266758
266760
266761
266777
266803
266808
266810
266811
266834
266854
266861
266875
266884
266885
266887
266901
266903
266905
266906
266908
266918
266919
266932
266934
266952
266953
266954
266955
266959
266965
266976
266978
266987
266988
266990
266995
266996
267011
267018
267020
267053
267062
267070
267100
267107
267126
267128
267134
267142
267143
267144
267145
267157
267161
267164
267167
267170
267171
267176
267182
267191
267192
267193
267205
267219
267220
267221
267231
267248
267259
267261
267264
267273
267286
267289
267304
267306
267316
267321
267326
267333
267344
267348
267349
267362
267399
267419
267450
267452
267482
267504
267507
267546
267547
267549
267603
267606
267613
267619
267635
267662
267681
267688
267690
267702
267710
267734
267749
267770
267771
267772
267773
267775
267776
267778
267803
267809
267812
267813
267830
267840
267845
267846
267850
267855
267858
267860
267884
267885
267893
267905
267909
267936
267955
267970
267975
267976
267984
267985
267996
268009
268013
268027
268029
268033
268040
268050
268053
268055
268063
268073
268103
268109
268126
268151
268153
268161
268193
268196
268205
268209
268220
268224
268228
268230
268232
268245
268280
268283
268298
268303
268305
268322
268328
268329
268339
268340
268349
268375
268392
268394
268413
268425
268430
268431
268432
268435
268447
268452
268458
268478
268492
268509
268515
268517
268518
268522
268546
268555
268558
268561
268565
268567
268569
268588
268593
268609
268620
268624
268628
268629
268630
268638
268647
268653
268654
268668
268670
268673
268674
268677
268681
268682
268686
268710
268736
268738
268743
268746
268747
268755
268756
268762
268763
268773
268788
268799
268804
268806
268820
268822
268836
268841
268869
268871
268882
268893
268901
268905
268907
268914
268938
268940
268963
268973
268977
268991
268996
269007
269017
269018
269025
269033
269035
269041
269055
269070
269071
269073
269076
269083
269093
269110
269164
269183
269218
269226
269235
269244
269261
269264
269273
269275
269279
269280
269282
269284
269318
269329
269330
269332
269337
269348
269353
269360
269361
269381
269386
269392
269393
269413
269432
269445
269463
269465
269472
269479
269498
269503
269530
269544
269550
269580
269584
269588
269596
269604
269612
269622
269628
269629
269641
269642
269643
269667
269671
269673
269676
269677
269694
269704
269710
269725
269729
269733
269734
269763
269767
269783
269786
269804
269808
269812
269819
269823
269857
269861
269873
269906
269932
269934
269943
269951
269963
269966
269974
269991
269994
269996
270002
270009
270015
270025
270030
270060
270076
270090
270102
270103
270127
270130
270134
270137
270157
270185
270190
270196
270213
270215
270253
270257
270262
270276
270288
270292
270293
270306
270318
270323
270334
270335
270342
270343
270348
270355
270359
270381
270436
270453
270464
270465
270472
270475
270478
270480
270481
270483
270492
270495
270505
270514
270532
270537
270545
270550
270553
270559
270566
270572
270582
270585
270591
270594
270595
270600
270611
270616
270632
270641
270644
270664
270673
270681
270694
270703
270740
270742
270747
270749
270753
270763
270764
270773
270774
270776
270784
270800
270802
270806
270841
270844
270847
270849
270850
270851
270854
270859
270861
270883
270885
270905
270922
270923
270926
270928
270930
270932
270934
270935
270936
270941
270944
270945
270954
270955
270967
270982
270999
271002
271005
271009
271049
271053
271054
271056
271069
271087
271092
271096
271108
271112
271124
271132
271139
271169
271187
271193
271209
271210
271216
271226
271244
271249
271258
271260
271261
271297
271306
271316
271327
271352
271357
271360
271365
271367
271374
271376
271387
271388
271398
271402
271403
271404
271409
271414
271416
271418
271440
271441
271451
271454
271457
271461
271472
271474
271478
271483
271485
271489
271509
271528
271529
271538
271541
271555
271558
271562
271565
271575
271577
271584
271590
271591
271610
271622
271648
271654
271655
271658
271659
271660
271672
271673
271698
271708
271711
271731
271733
271741
271759
271775
271794
271800
271812
271816
271817
271835
271853
271902
271908
271914
271922
271957
271959
271962
271973
271980
271986
271995
272008
272010
272030
272053
272065
272099
272108
272111
272126
272133
272150
272154
272165
272180
272185
272186
272202
272206
272215
272218
272221
272225
272231
272265
272274
272277
272279
272295
272296
272299
272312
272315
272323
272340
272350
272355
272357
272360
272373
272379
272380
272381
272386
272398
272403
272406
272408
272418
272423
272430
272433
272452
272459
272492
272508
272512
272518
272535
272538
272559
272569
272585
272592
272600
272604
272612
272615
272624
272633
272653
272673
272682
272689
272709
272722
272730
272736
272738
272749
272756
272760
272770
272772
272774
272786
272802
272803
272804
272834
272836
272848
272856
272857
272866
272876
272880
272881
272891
272917
272923
272935
272949
272981
272985
272991
273004
273006
273014
273023
273026
273027
273034
273039
273041
273049
273059
273067
273087
273092
273097
273104
273120
273166
273173
273181
273183
273197
273209
273210
273211
273218
273224
273239
273247
273250
273271
273275
273281
273283
273289
273300
273303
273310
273317
273355
273387
273389
273399
273412
273433
273440
273456
273459
273462
273468
273472
273476
273486
273495
273513
273521
273538
273544
273554
273555
273556
273557
273563
273564
273565
273576
273583
273595
273598
273603
273605
273608
273613
273622
273641
273651
273660
273661
273670
273676
273683
273690
273695
273696
273704
273721
273736
273742
273750
273751
273758
273760
273778
273786
273796
273803
273806
273813
273825
273853
273854
273876
273906
273921
273933
273996
274002
274003
274017
274031
274040
274049
274051
274082
274083
274088
274089
274091
274097
274105
274114
274115
274129
274136
274137
274150
274164
274169
274173
274181
274197
274201
274210
274212
274222
274226
274247
274258
274259
274260
274261
274262
274263
274264
274265
274266
274267
274268
274275
274276
274281
274282
274294
274301
274303
274305
274307
274308
274309
274315
274331
274343
274354
274358
274361
274362
274363
274373
274377
274389
274390
274407
274410
274425
274432
274439
274452
274477
274478
274481
274486
274488
274490
274499
274510
274512
274513
274536
274537
274538
274567
274579
274584
274589
274594
274595
274607
274614
274629
274641
274694
274698
274700
274709
274717
274721
274729
274745
274748
274749
274750
274760
274767
274770
274801
274805
274810
274811
274833
274849
274862
274867
274872
274874
274876
274878
274879
274883
274884
274892
274912
274920
274921
274932
274935
274941
274962
274967
274974
274975
274977
274986
274988
274994
275039
275043
275046
275053
275055
275059
275065
275067
275071
275076
275091
275099
275104
275106
275109
275150
275158
275159
275182
275184
275186
275191
275194
275206
275226
275233
275243
275249
275259
275260
275263
275268
275271
275272
275292
275306
275321
275337
275345
275363
275390
275396
275410
275418
275422
275423
275425
275431
275435
275436
275437
275438
275439
275440
275445
275446
275452
275466
275469
275479
275480
275508
275514
275516
275517
275523
275527
275539
275552
275565
275571
275581
275587
275599
275605
275615
275618
275620
275635
275638
275657
275670
275675
275677
275680
275693
275695
275710
275711
275715
275720
275737
275744
275749
275754
275755
275757
275758
275773
275775
275777
275779
275781
275790
275791
275796
275819
275847
275848
275853
275859
275861
275867
275887
275892
275900
275910
275917
275924
275931
275945
275961
275962
275966
275981
275996
276003
276025
276026
276028
276062
276067
276073
276167
276172
276180
276184
276196
276220
276221
276224
276226
276228
276231
276232
276236
276268
276278
276285
276287
276290
276325
276330
276332
276336
276342
276343
276348
276357
276372
276378
276390
276402
276404
276415
276416
276425
276430
276447
276450
276460
276462
276467
276471
276489
276497
276505
276511
276513
276515
276521
276524
276530
276536
276549
276565
276593
276601
276613
276615
276625
276640
276645
276648
276650
276651
276653
276657
276660
276666
276669
276670
276675
276690
276696
276701
276703
276704
276706
276723
276730
276733
276747
276763
276768
276773
276774
276790
276800
276801
276802
276807
276814
276830
276840
276861
276874
276877
276883
276887
276892
276899
276902
276905
276906
276907
276917
276919
276932
276934
276935
276936
276939
276940
276945
276946
276948
276954
276958
276968
276976
276986
276987
277000
277003
277014
277022
277027
277031
277036
277054
277055
277059
277060
277073
277087
277092
277093
277094
277095
277096
277099
277101
277133
277139
277140
277143
277164
277168
277192
277195
277197
277204
277205
277214
277220
277221
277228
277230
277246
277254
277267
277302
277303
277308
277315
277351
277368
277370
277371
277372
277381
277383
277389
277393
277403
277406
277422
277424
277428
277435
277443
277451
277455
277457
277468
277473
277502
277503
277508
277509
277515
277533
277537
277539
277553
277559
277562
277571
277588
277606
277609
277624
277630
277634
277645
277647
277648
277652
277657
277670
277684
277688
277712
277714
277715
277719
277728
277731
277739
277742
277756
277767
277783
277791
277795
277809
277821
277824
277832
277839
277840
277843
277846
277876
277882
277905
277937
277959
277961
277971
277978
277991
277997
278017
278044
278064
278069
278074
278100
278110
278123
278124
278130
278134
278153
278157
278172
278184
278186
278194
278229
278234
278243
278255
278257
278270
278274
278281
278298
278300
278303
278321
278327
278349
278364
278366
278372
278380
278387
278390
278398
278400
278421
278470
278471
278482
278484
278486
278503
278532
278538
278540
278542
278554
278559
278560
278566
278570
278584
278587
278595
278599
278603
278621
278664
278670
278698
278703
278704
278715
278727
278747
278756
278759
278767
278788
278832
278843
278848
278866
278867
278872
278907
278917
278923
278924
278925
278932
278960
278965
278983
278985
278988
278998
279009
279023
279034
279038
279053
279058
279068
279082
279083
279088
279092
279104
279121
279171
279175
279182
279191
279195
279205
279218
279233
279248
279257
279263
279276
279279
279291
279298
279328
279339
279341
279355
279361
279363
279365
279366
279400
279402
279411
279434
279451
279459
279464
279469
279471
279475
279485
279500
279503
279511
279516
279557
279574
279613
279619
279628
279632
279637
279638
279639
279643
279666
279678
279692
279693
279694
279706
279741
279753
279761
279770
279776
279784
279864
279869
279873
279878
279880
279887
279889
279890
279891
279902
279903
279905
279906
279907
279912
279954
279976
279977
279991
279994
279995
280004
280040
280054
280056
280095
280112
280119
280120
280132
280150
280163
280183
280199
280207
280235
280242
280249
280251
280295
280307
280338
280361
280373
280377
280384
280393
280396
280428
280431
280440
280444
280451
280454
280463
280465
280474
280476
280485
280490
280492
280493
280497
280499
280504
280515
280518
280519
280542
280546
280597
280600
280623
280629
280644
280658
280667
280668
280674
280688
280697
280702
280717
280745
280760
280771
280780
280786
280802
280828
280836
280839
280845
280860
280868
280896
280899
280909
280923
280926
280927
280949
280965
280973
280977
280979
280994
280995
281022
281034
281049
281063
281073
281074
281078
281087
281116
281117
281123
281124
281129
281130
281139
281142
281150
281166
281169
281174
281175
281199
281202
281228
281229
281230
281231
281239
281241
281245
281252
281258
281264
281267
281300
281304
281320
281336
281361
281374
281378
281380
281386
281393
281395
281412
281420
281434
281435
281451
281454
281468
281481
281498
281506
281510
281511
281513
281520
281523
281526
281531
281551
281579
281582
281584
281587
281592
281600
281607
281621
281633
281638
281645
281646
281664
281669
281673
281675
281683
281684
281686
281695
281718
281728
281730
281731
281733
281734
281738
281746
281749
281753
281761
281776
281780
281784
281792
281793
281799
281805
281806
281821
281822
281823
281825
281826
281833
281849
281857
281858
281859
281863
281871
281875
281876
281879
281887
281892
281905
281906
281907
281918
281930
281932
281933
281934
281943
281950
281957
281969
281971
281975
281977
281979
281986
281992
281997
282009
282015
282018
282020
282033
282070
282073
282076
282092
282096
282102
282106
282112
282135
282136
282139
282140
282150
282179
282181
282186
282199
282201
282207
282209
282217
282232
282234
282242
282244
282293
282295
282298
282302
282313
282314
282317
282326
282334
282335
282336
282355
282357
282363
282368
282395
282397
282400
282401
282434
282437
282468
282474
282475
282476
282482
282483
282485
282504
282508
282509
282512
282535
282538
282565
282570
282572
282590
282591
282594
282604
282605
282608
282609
282614
282617
282629
282632
282635
282639
282646
282647
282659
282671
282673
282676
282678
282708
282714
282741
282743
282744
282757
282758
282782
282787
282793
282795
282804
282812
282814
282824
282833
282858
282873
282888
282890
282905
282914
282926
282940
282945
282956
282960
282965
282966
282969
282972
282976
282978
282981
282983
282986
282998
283002
283006
283038
283056
283067
283074
283082
283089
283095
283101
283103
283110
283112
283116
283122
283126
283127
283132
283151
283152
283167
283168
283181
283195
283222
283233
283256
283284
283297
283315
283317
283330
283345
283352
283356
283365
283371
283396
283404
283405
283416
283422
283452
283454
283534
283544
283556
283569
283577
283578
283581
283609
283619
283621
283640
283667
283671
283673
283687
283694
283699
283703
283705
283708
283716
283718
283721
283728
283733
283741
283757
283770
283790
283792
283797
283810
283816
283854
283894
283930
283969
283974
283978
284037
284066
284082
284088
284107
284137
284174
284223
284257
284258
284260
284264
284265
284285
284287
284291
284298
284300
284311
284312
284315
284318
284337
284341
284371
284380
284434
284435
284438
284439
284443
284454
284466
284472
284477
284481
284490
284515
284516
284520
284528
284530
284531
284533
284552
284556
284560
284562
284563
284564
284566
284569
284571
284575
284587
284589
284593
284597
284605
284607
284615
284632
284637
284651
284657
284665
284675
284713
284720
284721
284736
284747
284748
284749
284757
284758
284761
284763
284768
284782
284793
284802
284804
284812
284821
284831
284842
284846
284855
284857
284913
284946
284947
284959
284964
284970
284973
284985
284988
284992
285002
285005
285008
285012
285033
285045
285056
285059
285061
285066
285067
285070
285074
285078
285084
285091
285098
285101
285102
285111
285120
285124
285125
285127
285128
285129
285130
285134
285165
285168
285169
285171
285183
285184
285187
285196
285227
285229
285232
285235
285241
285245
285257
285262
285273
285275
285276
285278
285279
285287
285293
285313
285316
285319
285334
285366
285368
285370
285389
285404
285406
285437
285439
285455
285473
285475
285500
285515
285516
285521
285540
285546
285558
285559
285562
285570
285576
285582
285640
285664
285677
285695
285700
285711
285716
285717
285737
285738
285740
285750
285754
285757
285769
285774
285818
285821
285822
285840
285841
285856
285881
285933
285951
285953
285981
285996
286000
286011
286033
286037
286055
286065
286066
286078
286080
286096
286106
286116
286117
286118
286162
286173
286177
286184
286185
286189
286218
286225
286232
286243
286257
286259
286269
286275
286276
286277
286280
286285
286292
286294
286296
286303
286323
286324
286342
286347
286348
286352
286355
286359
286383
286385
286398
286417
286419
286431
286456
286483
286487
286508
286525
286526
286527
286530
286552
286555
286560
286565
286579
286592
286603
286626
286633
286641
286649
286651
286667
286684
286687
286695
286699
286702
286715
286726
286731
286741
286742
286777
286779
286780
286783
286786
286788
286792
286796
286800
286802
286811
286823
286833
286836
286847
286850
286854
286875
286879
286884
286889
286890
286891
286892
286893
286936
286945
286946
286950
286954
286965
286987
286988
286989
286991
286995
287001
287018
287047
287064
287075
287092
287098
287099
287120
287126
287136
287141
287161
287174
287187
287191
287195
287197
287207
287219
287223
287224
287227
287248
287254
287257
287261
287266
287279
287280
287289
287293
287308
287338
287339
287366
287367
287370
287378
287396
287397
287404
287408
287456
287473
287486
287488
287493
287504
287523
287535
287547
287550
287599
287605
287608
287611
287627
287629
287630
287667
287675
287677
287682
287683
287688
287696
287701
287704
287706
287711
287730
287731
287767
287787
287806
287808
287819
287828
287846
287851
287853
287878
287880
287882
287883
287884
287887
287918
287924
287946
287958
287964
287969
287979
287993
288000
288009
288010
288022
288046
288050
288053
288058
288061
288064
288065
288069
288076
288083
288090
288093
288110
288115
288116
288120
288131
288132
288145
288147
288167
288170
288172
288173
288177
288179
288183
288207
288216
288239
288241
288259
288274
288275
288277
288283
288288
288294
288305
288309
288320
288322
288341
288342
288343
288344
288352
288369
288393
288400
288404
288405
288435
288448
288467
288477
288486
288492
288501
288513
288520
288536
288537
288552
288561
288563
288573
288578
288582
288586
288588
288593
288612
288627
288628
288647
288648
288656
288658
288670
288675
288676
288679
288692
288695
288699
288701
288703
288710
288716
288728
288734
288744
288752
288756
288759
288760
288777
288781
288787
288796
288798
288801
288832
288837
288840
288858
288861
288879
288882
288890
288895
288906
288921
288924
288940
288941
288946
288953
288980
289010
289011
289031
289046
289058
289059
289066
289085
289089
289105
289107
289108
289110
289154
289159
289168
289172
289173
289181
289183
289209
289213
289219
289234
289242
289246
289279
289288
289291
289323
289333
289336
289341
289348
289350
289367
289379
289384
289388
289395
289406
289408
289416
289418
289424
289425
289428
289432
289439
289461
289462
289464
289474
289508
289510
289514
289554
289561
289572
289590
289595
289598
289611
289614
289620
289624
289630
289646
289660
289662
289663
289664
289668
289670
289672
289674
289678
289680
289687
289693
289706
289720
289727
289728
289739
289745
289754
289781
289789
289795
289801
289803
289807
289810
289834
289842
289845
289856
289865
289867
289870
289879
289883
289896
289948
289954
289986
289993
290023
290036
290039
290040
290043
290044
290051
290056
290057
290063
290068
290072
290077
290095
290097
290103
290115
290117
290118
290123
290127
290139
290147
290157
290182
290190
290196
290205
290208
290212
290213
290225
290241
290242
290252
290279
290311
290312
290316
290318
290320
290324
290325
290334
290365
290366
290375
290376
290383
290394
290397
290406
290425
290432
290434
290454
290456
290464
290483
290515
290530
290532
290553
290557
290563
290565
290567
290571
290579
290582
290619
290622
290625
290634
290667
290680
290683
290692
290694
290701
290702
290704
290720
290722
290726
290727
290731
290738
290742
290753
290780
290798
290805
290806
290821
290833
290837
290848
290866
290871
290873
290874
290878
290880
290884
290886
290905
290910
290933
290946
290949
290950
290959
290973
290987
291013
291028
291035
291040
291042
291062
291069
291072
291082
291094
291102
291132
291133
291136
291151
291153
291163
291172
291175
291196
291199
291205
291207
291217
291234
291237
291241
291291
291307
291308
291318
291334
291336
291341
291350
291360
291364
291365
291378
291393
291408
291434
291452
291469
291473
291476
291480
291482
291516
291528
291564
291569
291571
291572
291577
291589
291592
291596
291605
291617
291640
291672
291689
291691
291692
291693
291694
291701
291702
291711
291730
291735
291741
291751
291755
291766
291790
291831
291832
291841
291848
291850
291903
291921
291941
291942
291953
291955
291956
291957
291960
291969
291971
291977
291978
291982
291983
291988
291993
291999
292022
292043
292078
292102
292104
292108
292112
292113
292123
292124
292138
292158
292159
292165
292172
292190
292201
292217
292224
292225
292227
292229
292257
292258
292262
292268
292294
292299
292302
292309
292311
292326
292330
292331
292336
292342
292355
292374
292404
292406
292409
292410
292414
292422
292426
292460
292465
292468
292483
292485
292489
292527
292540
292546
292550
292552
292555
292557
292567
292569
292582
292583
292600
292603
292605
292612
292625
292643
292647
292649
292679
292713
292726
292727
292729
292744
292745
292755
292768
292777
292787
292794
292801
292816
292821
292828
292829
292842
292864
292885
292888
292903
292922
292924
292926
292928
292930
292932
292938
292949
292951
292952
292959
292967
292972
292975
292983
292984
292986
292987
292988
292992
292996
292997
292998
293001
293016
293017
293019
293027
293035
293040
293041
293045
293053
293060
293087
293094
293102
293113
293117
293118
293125
293129
293158
293159
293166
293169
293178
293181
293196
293199
293209
293214
293221
293222
293251
293252
293256
293261
293274
293277
293285
293291
293292
293298
293299
293304
293307
293309
293326
293330
293355
293358
293360
293377
293405
293406
293407
293444
293464
293478
293493
293496
293500
293501
293509
293512
293526
293529
293530
293534
293539
293541
293566
293588
293600
293604
293605
293607
293609
293629
293642
293643
293644
293649
293657
293663
293701
293702
293707
293734
293739
293750
293751
293761
293799
293807
293808
293825
293837
293855
293896
293904
293918
293939
293955
293956
293964
293974
293993
293997
294007
294026
294036
294055
294090
294099
294131
294153
294177
294183
294193
294212
294215
294219
294238
294243
294250
294284
294285
294286
294298
294301
294306
294312
294331
294349
294360
294377
294386
294419
294429
294444
294446
294448
294455
294458
294464
294473
294484
294485
294496
294522
294524
294552
294564
294572
294582
294585
294601
294615
294617
294631
294639
294644
294669
294679
294684
294686
294693
294724
294725
294732
294734
294737
294766
294786
294800
294806
294807
294815
294824
294829
294833
294835
294843
294844
294848
294856
294862
294886
294887
294894
294895
294896
294937
294989
294990
295007
295013
295024
295031
295033
295034
295044
295054
295069
295078
295079
295116
295129
295152
295180
295193
295197
295206
295220
295223
295224
295241
295248
295252
295255
295264
295266
295272
295279
295290
295291
295297
295304
295313
295322
295346
295351
295357
295379
295393
295404
295409
295411
295440
295457
295468
295469
295471
295482
295508
295513
295521
295527
295531
295534
295535
295536
295552
295559
295560
295571
295573
295577
295590
295609
295611
295616
295619
295626
295627
295635
295648
295665
295693
295707
295710
295717
295726
295737
295759
295811
295819
295824
295825
295830
295846
295848
295864
295905
295912
295921
295930
295934
295939
295944
295946
295951
295961
296007
296027
296048
296061
296069
296083
296086
296089
296095
296108
296125
296134
296178
296182
296205
296218
296228
296229
296232
296234
296236
296246
296263
296272
296296
296298
296309
296321
296326
296346
296350
296356
296364
296370
296374
296380
296383
296387
296393
296394
296408
296428
296436
296438
296449
296454
296470
296472
296474
296482
296496
296502
296504
296505
296508
296511
296528
296531
296533
296534
296538
296541
296544
296552
296569
296578
296583
296589
296593
296595
296602
296603
296606
296613
296617
296635
296648
296673
296694
296710
296719
296721
296728
296730
296734
296736
296744
296746
296747
296775
296778
296780
296799
296807
296821
296850
296858
296874
296885
296897
296929
296964
296999
297008
297022
297044
297052
297067
297094
297110
297120
297136
297152
297157
297210
297217
297232
297233
297256
297282
297290
297292
297303
297306
297330
297340
297341
297356
297382
297398
297405
297411
297412
297416
297418
297448
297456
297469
297473
297479
297483
297489
297496
297537
297553
297556
297564
297565
297591
297598
297601
297604
297613
297618
297630
297638
297652
297653
297654
297655
297659
297664
297665
297670
297671
297672
297701
297706
297731
297741
297743
297794
297806
297808
297819
297836
297838
297857
297877
297901
297906
297912
297925
297926
297979
297998
297999
298004
298010
298022
298029
298036
298078
298083
298084
298091
298101
298107
298112
298113
298132
298134
298141
298142
298153
298167
298188
298195
298229
298235
298238
298241
298258
298281
298292
298301
298311
298319
298321
298330
298335
298341
298345
298366
298389
298398
298439
298481
298483
298525
298535
298550
298559
298616
298650
298662
298681
298682
298688
298691
298692
298714
298725
298733
298745
298753
298760
298767
298776
298781
298783
298785
298804
298806
298808
298815
298820
298834
298841
298869
298871
298908
298913
298929
298932
298956
298959
298960
298961
298977
298982
299005
299028
299029
299032
299057
299070
299072
299095
299105
299139
299144
299145
299147
299162
299167
299195
299198
299212
299220
299222
299233
299239
299267
299285
299288
299295
299296
299305
299356
299366
299379
299431
299454
299458
299468
299471
299472
299495
299516
299519
299528
299533
299542
299595
299600
299615
299630
299644
299645
299661
299686
299706
299719
299721
299722
299730
299737
299749
299756
299757
299768
299772
299773
299775
299783
299786
299796
299799
299802
299804
299806
299808
299810
299817
299841
299878
299879
299891
299894
299906
299923
299935
299943
299946
299978
299998
300001
300018
300043
300050
300056
300057
300061
300082
300098
300118
300135
300139
300153
300161
300174
300177
300186
300230
300232
300236
300265
300269
300288
300294
300310
300311
300359
300387
300393
300404
300429
300430
300478
300482
300496
300500
300507
300527
300528
300543
300547
300552
300565
300575
300579
300591
300618
300622
300624
300625
300674
300678
300686
300695
300705
300711
300712
300715
300728
300740
300759
300777
300809
300811
300822
300834
300839
300843
300844
300845
300848
300851
300862
300863
300873
300878
300925
300932
300933
300934
300935
300976
301044
301047
301082
301083
301092
301100
301101
301110
301125
301129
301135
301137
301139
301145
301154
301159
301160
301164
301168
301169
301216
301229
301235
301253
301272
301276
301282
301291
301293
301304
301306
301314
301315
301323
301338
301345
301351
301357
301370
301374
301388
301443
301444
301446
301453
301481
301502
301506
301518
301521
301535
301544
301547
301580
301590
301603
301610
301617
301621
301661
301673
301674
301682
301688
301691
301696
301702
301706
301708
301714
301718
301730
301736
301759
301782
301796
301815
301825
301827
301839
301845
301849
301865
301869
301877
301878
301879
301883
301884
301891
301895
301902
301903
301908
301922
301927
301928
301936
301956
301960
301974
301980
301985
301990
301992
301998
302000
302003
302005
302011
302013
302018
302020
302021
302022
302035
302048
302056
302058
302062
302065
302112
302116
302124
302127
302128
302131
302146
302148
302156
302189
302198
302208
302215
302220
302250
302257
302259
302276
302287
302292
302312
302327
302340
302354
302360
302365
302369
302370
302381
302382
302383
302409
302447
302457
302459
302465
302511
302513
302514
302534
302540
302546
302547
302551
302552
302554
302558
302559
302594
302597
302601
302606
302611
302634
302636
302638
302657
302659
302680
302685
302689
302695
302696
302699
302721
302724
302726
302733
302738
302740
302748
302756
302771
302773
302786
302805
302814
302829
302834
302836
302841
302860
302864
302871
302873
302879
302882
302886
302898
302900
302910
302925
302928
302929
302939
302967
302971
302994
302999
303023
303034
303051
303062
303138
303141
303149
303167
303168
303204
303264
303270
303281
303301
303310
303325
303326
303330
303345
303348
303354
303360
303368
303379
303382
303388
303404
303414
303441
303446
303451
303462
303476
303515
303518
303524
303540
303542
303545
303546
303547
303570
303571
303586
303595
303609
303611
303614
303616
303634
303640
303646
303652
303656
303659
303710
303716
303718
303733
303734
303739
303753
303755
303761
303769
303770
303783
303790
303824
303833
303835
303844
303867
303888
303889
303891
303892
303923
303927
303930
303940
303945
303960
303986
303995
304008
304051
304053
304055
304060
304068
304073
304081
304089
304092
304131
304136
304153
304178
304180
304185
304190
304192
304196
304206
304209
304231
304250
304257
304262
304271
304272
304288
304326
304339
304348
304360
304361
304403
304405
304407
304410
304437
304441
304451
304460
304461
304470
304472
304475
304487
304491
304494
304500
304505
304519
304532
304533
304542
304547
304587
304594
304596
304601
304620
304621
304628
304635
304637
304651
304653
304660
304676
304687
304695
304701
304709
304710
304724
304734
304755
304785
304795
304803
304805
304811
304820
304828
304830
304857
304867
304871
304874
304875
304879
304899
304901
304912
304917
304919
304937
304939
304943
304946
304954
304966
304980
304982
304983
304984
304987
304990
304993
304995
305010
305015
305021
305027
305028
305032
305034
305037
305039
305084
305085
305117
305137
305139
305142
305144
305150
305156
305164
305193
305194
305197
305208
305209
305212
305213
305222
305236
305237
305243
305248
305254
305257
305272
305274
305275
305283
305288
305307
305308
305312
305314
305316
305330
305335
305344
305348
305350
305353
305368
305378
305381
305382
305392
305395
305418
305440
305441
305455
305492
305498
305518
305532
305536
305540
305563
305565
305570
305572
305580
305581
305585
305603
305617
305625
305630
305636
305644
305645
305661
305672
305680
305695
305698
305700
305702
305708
305731
305733
305737
305740
305745
305754
305761
305786
305787
305807
305821
305845
305854
305855
305860
305876
305882
305895
305904
305914
305915
305920
305922
305923
305928
305930
305932
305937
305942
305958
305960
305968
305981
305990
305993
306004
306031
306032
306036
306044
306046
306052
306059
306073
306077
306082
306083
306099
306113
306127
306146
306151
306169
306173
306210
306231
306244
306256
306262
306273
306274
306302
306304
306318
306322
306326
306344
306369
306377
306418
306422
306430
306467
306469
306471
306523
306539
306551
306552
306558
306561
306567
306570
306595
306598
306611
306633
306635
306636
306657
306669
306674
306676
306678
306690
306699
306702
306703
306710
306711
306712
306717
306721
306722
306729
306732
306733
306739
306757
306760
306761
306767
306777
306778
306779
306780
306782
306791
306792
306797
306798
306799
306800
306807
306809
306823
306824
306826
306829
306831
306851
306855
306879
306882
306886
306893
306894
306920
306923
306928
306929
306930
306932
306933
306938
306942
306949
306967
306975
306979
306981
307002
307019
307020
307027
307043
307044
307047
307051
307058
307076
307086
307093
307094
307095
307097
307099
307100
307101
307107
307116
307141
307152
307156
307159
307163
307164
307168
307173
307178
307179
307180
307181
307189
307190
307192
307196
307204
307206
307209
307224
307232
307233
307236
307240
307250
307251
307280
307287
307303
307311
307319
307328
307349
307367
307392
307399
307406
307408
307413
307421
307423
307427
307435
307446
307455
307458
307466
307485
307487
307493
307536
307548
307553
307569
307608
307624
307638
307672
307673
307685
307697
307702
307717
307727
307784
307820
307869
307904
307915
307921
307973
307983
307987
308012
308024
308097
308125
308129
308137
308155
308156
308186
308187
308190
308200
308201
308202
308231
308235
308246
308274
308276
308294
308298
308301
308314
308353
308354
308358
308364
308388
308396
308409
308410
308434
308448
308461
308486
308488
308493
308497
308507
308513
308531
308544
308548
308555
308589
308590
308596
308611
308619
308635
308645
308648
308651
308653
308706
308710
308712
308713
308716
308719
308735
308740
308752
308758
308759
308766
308772
308782
308784
308797
308799
308800
308805
308821
308822
308839
308846
308864
308868
308881
308883
308884
308886
308889
308894
308898
308914
308917
308934
308978
308979
308990
308997
309001
309002
309026
309043
309049
309050
309051
309091
309101
309102
309104
309128
309132
309139
309157
309159
309168
309179
309192
309205
309210
309214
309229
309233
309240
309272
309285
309288
309289
309315
309317
309319
309333
309335
309336
309342
309347
309352
309362
309367
309371
309381
309390
309399
309403
309404
309415
309419
309422
309425
309426
309443
309450
309451
309458
309461
309472
309473
309479
309492
309493
309503
309518
309519
309520
309523
309555
309570
309573
309576
309577
309578
309581
309586
309590
309593
309615
309630
309650
309655
309683
309686
309687
309690
309695
309705
309715
309726
309733
309735
309736
309747
309758
309768
309769
309774
309775
309780
309783
309799
309801
309802
309807
309822
309828
309829
309833
309836
309837
309852
309857
309861
309868
309870
309871
309872
309882
309899
309900
309902
309903
309923
309937
309965
309983
309985
309988
310000
310003
310018
310027
310036
310039
310044
310047
310055
310058
310060
310066
310069
310072
310076
310080
310082
310099
310107
310108
310124
310139
310140
310141
310142
310152
310162
310190
310209
310211
310213
310214
310218
310221
310228
310229
310237
310248
310250
310252
310255
310269
310278
310279
310311
310328
310356
310369
310374
310388
310449
310453
310454
310479
310481
310485
310491
310512
310517
310519
310523
310524
310538
310551
310556
310567
310587
310590
310592
310617
310631
310649
310653
310656
310678
310684
310691
310713
310715
310718
310724
310740
310744
310752
310754
310755
310760
310761
310770
310777
310781
310784
310787
310788
310792
310793
310803
310804
310814
310833
310855
310859
310862
310871
310880
310885
310898
310899
310904
310935
310936
310949
310953
310957
310960
310963
310964
310966
310979
310991
310997
311000
311004
311008
311016
311017
311020
311021
311022
311023
311051
311053
311055
311056
311061
311069
311070
311071
311072
311073
311081
311082
311101
311105
311107
311108
311109
311110
311116
311137
311156
311175
311177
311181
311223
311233
311239
311242
311253
311256
311262
311269
311281
311310
311319
311357
311371
311372
311378
311383
311387
311389
311415
311423
311429
311434
311441
311447
311464
311467
311472
311476
311491
311505
311515
311520
311523
311549
311579
311580
311617
311623
311624
311644
311662
311671
311675
311682
311715
311732
311735
311751
311758
311759
311761
311782
311783
311795
311797
311805
311808
311814
311837
311838
311855
311857
311877
311878
311880
311920
311966
311972
311975
311988
312016
312021
312033
312038
312044
312050
312060
312067
312081
312093
312095
312096
312099
312104
312107
312108
312110
312114
312115
312121
312123
312147
312148
312154
312163
312170
312178
312187
312189
312191
312202
312206
312214
312221
312229
312230
312235
312237
312252
312256
312267
312271
312272
312276
312304
312313
312330
312333
312340
312342
312344
312347
312351
312353
312354
312355
312357
312364
312376
312387
312389
312397
312421
312432
312453
312477
312487
312502
312505
312511
312528
312529
312540
312552
312557
312562
312568
312578
312581
312589
312594
312619
312628
312677
312680
312682
312686
312687
312691
312693
312696
312718
312721
312728
312730
312737
312739
312744
312746
312748
312752
312756
312758
312760
312767
312772
312775
312779
312783
312786
312796
312808
312831
312832
312836
312854
312863
312870
312874
312883
312889
312892
312899
312920
312942
312947
312963
312965
312979
312992
312997
312998
313010
313014
313029
313036
313044
313055
313064
313066
313076
313093
313096
313101
313108
313113
313128
313136
313142
313155
313159
313166
313174
313175
313182
313195
313224
313236
313237
313247
313248
313249
313257
313264
313267
313272
313285
313287
313289
313296
313304
313314
313317
313319
313321
313352
313356
313371
313373
313378
313386
313392
313396
313413
313425
313430
313434
313436
313448
313453
313454
313479
313489
313492
313493
313518
313535
313540
313541
313544
313545
313548
313577
313579
313580
313611
313621
313623
313636
313638
313641
313643
313664
313695
313696
313710
313724
313732
313747
313758
313763
313786
313807
313809
313815
313817
313822
313830
313840
313856
313859
313863
313872
313889
313890
313892
313893
313918
313923
313951
313958
313959
313960
313964
313976
313977
313987
313993
314009
314012
314015
314016
314019
314032
314033
314038
314040
314042
314045
314050
314057
314060
314070
314075
314087
314088
314095
314106
314115
314117
314118
314129
314132
314139
314142
314156
314158
314159
314175
314186
314190
314192
314196
314211
314218
314221
314222
314228
314235
314248
314249
314254
314279
314282
314291
314295
314318
314322
314325
314338
314340
314350
314376
314385
314386
314396
314399
314407
314414
314415
314422
314427
314428
314431
314433
314435
314443
314458
314461
314472
314492
314499
314507
314518
314529
314541
314542
314545
314550
314556
314561
314563
314564
314565
314567
314568
314573
314581
314583
314584
314585
314590
314591
314611
314614
314622
314624
314629
314651
314662
314671
314711
314734
314741
314742
314749
314750
314767
314768
314769
314770
314804
314812
314814
314828
314835
314836
314842
314844
314845
314846
314847
314851
314852
314854
314868
314869
314873
314879
314881
314883
314910
314917
314923
314926
314930
314937
314945
314946
314950
314951
314955
314967
314979
314989
314991
315025
315026
315028
315029
315037
315040
315052
315074
315076
315089
315093
315119
315134
315139
315141
315143
315144
315151
315171
315176
315181
315193
315233
315237
315244
315248
315256
315281
315310
315332
315334
315354
315386
315387
315388
315389
315391
315392
315401
315412
315433
315435
315436
315446
315447
315456
315457
315465
315470
315472
315476
315509
315524
315526
315540
315541
315543
315544
315546
315552
315568
315569
315582
315589
315591
315595
315604
315605
315615
315636
315637
315643
315654
315668
315682
315691
315707
315708
315710
315728
315731
315743
315753
315778
315783
315784
315796
315800
315802
315803
315818
315836
315839
315843
315844
315850
315854
315886
315890
315897
315906
315921
315923
315932
315944
315977
315982
315984
315985
315995
316002
316004
316018
316021
316044
316054
316066
316080
316085
316089
316093
316100
316109
316113
316116
316121
316124
316125
316127
316128
316139
316146
316152
316153
316161
316174
316192
316194
316195
316197
316200
316207
316213
316237
316238
316248
316250
316252
316260
316267
316276
316281
316292
316294
316299
316301
316307
316314
316330
316341
316351
316357
316360
316361
316362
316365
316372
316377
316386
316391
316400
316411
316420
316437
316439
316457
316463
316475
316484
316492
316494
316499
316507
316514
316523
316526
316533
316540
316554
316572
316573
316600
316608
316609
316616
316621
316622
316624
316644
316650
316652
316655
316658
316659
316680
316682
316685
316687
316688
316689
316707
316713
316714
316718
316719
316742
316745
316746
316748
316752
316758
316762
316770
316783
316786
316799
316802
316823
316861
316878
316881
316885
316888
316893
316895
316897
316910
316918
316920
316936
316954
316977
316978
316994
316996
317005
317014
317031
317036
317042
317078
317079
317096
317099
317100
317106
317143
317155
317160
317164
317169
317170
317176
317180
317182
317194
317196
317224
317229
317231
317251
317254
317258
317259
317261
317262
317267
317282
317284
317293
317295
317301
317303
317304
317312
317315
317317
317321
317326
317327
317329
317339
317345
317346
317347
317354
317356
317357
317358
317363
317368
317401
317407
317413
317422
317431
317433
317453
317455
317458
317462
317469
317473
317480
317504
317510
317515
317526
317536
317539
317549
317560
317570
317573
317579
317585
317601
317617
317624
317627
317641
317649
317657
317671
317686
317697
317699
317706
317713
317726
317737
317742
317745
317748
317751
317759
317761
317769
317773
317775
317795
317804
317816
317838
317839
317842
317844
317845
317846
317859
317871
317878
317880
317890
317894
317901
317908
317918
317928
317930
317933
317946
317949
317956
317958
317963
317987
317995
317997
318008
318020
318039
318050
318072
318078
318081
318082
318090
318092
318096
318101
318102
318107
318110
318115
318123
318134
318156
318162
318177
318190
318197
318202
318206
318218
318234
318237
318253
318254
318260
318274
318279
318281
318296
318315
318316
318319
318321
318323
318325
318351
318361
318362
318368
318371
318376
318389
318391
318398
318399
318420
318432
318438
318440
318444
318445
318453
318456
318467
318472
318480
318490
318492
318520
318524
318529
318570
318576
318579
318581
318590
318591
318594
318595
318614
318626
318632
318635
318638
318643
318648
318651
318652
318656
318664
318667
318676
318681
318687
318691
318696
318709
318728
318729
318738
318747
318762
318770
318773
318806
318841
318849
318869
318872
318878
318911
318916
318936
318937
318943
318956
318958
318963
318970
318985
318997
319021
319034
319036
319045
319052
319057
319064
319072
319079
319081
319085
319093
319103
319104
319109
319139
319178
319184
319185
319187
319190
319193
319197
319206
319207
319211
319212
319233
319234
319235
319260
319262
319270
319278
319303
319306
319314
319323
319346
319357
319359
319378
319393
319397
319435
319440
319444
319449
319457
319478
319486
319503
319518
319521
319523
319541
319546
319549
319566
319568
319580
319598
319604
319608
319609
319610
319615
319639
319658
319666
319667
319668
319669
319677
319678
319685
319688
319689
319696
319700
319706
319729
319779
319815
319837
319838
319883
319898
319911
319934
319940
319942
319957
319975
319976
319986
319997
320013
320015
320016
320026
320029
320054
320055
320068
320079
320092
320118
320123
320204
320209
320211
320213
320221
320223
320230
320232
320248
320250
320275
320278
320287
320295
320317
320334
320348
320356
320361
320370
320381
320383
320389
320399
320404
320405
320406
320409
320410
320432
320450
320456
320466
320467
320474
320485
320488
320493
320494
320506
320521
320524
320528
320550
320555
320557
320561
320568
320573
320606
320628
320638
320639
320642
320674
320675
320692
320695
320705
320724
320734
320741
320754
320757
320765
320784
320795
320796
320804
320806
320809
320810
320823
320857
320860
320869
320887
320910
320917
320921
320930
320935
320960
320996
321006
321007
321011
321012
321018
321036
321061
321082
321084
321085
321090
321093
321094
321097
321118
321125
321126
321135
321139
321140
321149
321151
321152
321163
321173
321174
321176
321177
321189
321212
321230
321236
321265
321267
321289
321310
321312
321317
321319
321321
321326
321342
321352
321354
321366
321369
321384
321385
321390
321391
321408
321410
321414
321415
321417
321424
321427
321455
321461
321475
321482
321495
321497
321498
321510
321512
321528
321536
321538
321543
321544
321555
321557
321576
321613
321614
321617
321641
321655
321659
321661
321685
321703
321709
321722
321732
321742
321767
321770
321800
321801
321807
321808
321811
321830
321855
321861
321897
321906
321919
321922
321949
321959
321963
321983
322004
322015
322022
322029
322057
322088
322091
322095
322109
322115
322119
322120
322124
322125
322126
322133
322134
322135
322163
322172
322175
322179
322180
322184
322186
322189
322193
322194
322195
322196
322217
322227
322230
322234
322238
322239
322242
322247
322252
322255
322270
322273
322286
322297
322298
322299
322307
322314
322319
322331
322335
322344
322351
322352
322356
322359
322362
322368
322386
322395
322422
322424
322426
322429
322436
322444
322452
322457
322462
322464
322467
322471
322474
322477
322492
322506
322509
322516
322520
322529
322531
322539
322543
322549
322555
322556
322565
322577
322578
322579
322580
322585
322594
322610
322617
322619
322648
322649
322655
322665
322671
322672
322673
322674
322676
322678
322684
322687
322698
322708
322734
322761
322765
322767
322772
322789
322828
322830
322864
322881
322882
322885
322901
322904
322906
322916
322931
322935
322940
322972
322981
322983
323004
323016
323019
323021
323031
323032
323039
323043
323045
323046
323062
323064
323065
323078
323095
323105
323107
323112
323115
323117
323119
323125
323132
323136
323141
323142
323146
323149
323159
323161
323165
323167
323178
323181
323182
323224
323225
323245
323246
323248
323258
323265
323278
323280
323282
323301
323310
323362
323382
323393
323406
323417
323419
323430
323439
323443
323453
323467
323476
323479
323487
323490
323491
323499
323501
323504
323510
323521
323535
323536
323541
323543
323550
323555
323582
323583
323602
323623
323632
323639
323648
323649
323652
323655
323662
323674
323681
323682
323695
323709
323710
323716
323726
323737
323745
323754
323759
323763
323776
323791
323799
323807
323808
323809
323818
323820
323828
323832
323833
323839
323842
323855
323859
323890
323903
323909
323923
323924
323939
323949
323952
323960
323961
323984
324007
324009
324012
324015
324023
324027
324029
324030
324031
324041
324059
324068
324073
324076
324081
324082
324088
324097
324099
324108
324115
324122
324136
324148
324152
324156
324157
324173
324175
324195
324197
324200
324206
324207
324211
324212
324213
324219
324231
324235
324240
324241
324250
324252
324259
324269
324271
324275
324290
324297
324301
324303
324324
324341
324346
324356
324395
324396
324411
324424
324429
324431
324443
324462
324463
324464
324472
324473
324492
324493
324507
324514
324522
324536
324554
324564
324611
324616
324645
324646
324647
324658
324660
324674
324680
324681
324690
324696
324721
324736
324752
324757
324758
324763
324791
324828
324847
324848
324856
324864
324867
324886
324907
324908
324917
324921
324935
325002
325022
325034
325087
325129
325137
325152
325162
325171
325178
325195
325205
325206
325224
325227
325232
325235
325237
325252
325272
325278
325285
325298
325305
325310
325330
325331
325341
325343
325360
325381
325390
325407
325419
325425
325429
325443
325467
325485
325508
325553
325561
325585
325608
325621
325631
325650
325663
325675
325677
325681
325684
325685
325712
325717
325722
325725
325730
325737
325747
325772
325801
325806
325825
325827
325842
325854
325858
325860
325862
325867
325870
325871
325892
325895
325913
325923
325927
325933
325934
325936
325946
325976
326001
326009
326044
326050
326093
326094
326123
326137
326139
326141
326147
326150
326151
326165
326170
326192
326243
326245
326266
326297
326298
326302
326306
326308
326315
326318
326326
326328
326330
326334
326350
326353
326368
326374
326383
326402
326426
326428
326438
326462
326475
326489
326544
326568
326581
326585
326609
326614
326656
326670
326673
326696
326700
326709
326714
326718
326720
326723
326724
326734
326738
326759
326789
326801
326821
326825
326833
326877
326899
326916
326920
326927
326929
326958
326967
326985
327001
327003
327020
327022
327039
327043
327047
327048
327049
327063
327066
327082
327089
327101
327106
327107
327109
327125
327128
327131
327138
327153
327159
327162
327163
327183
327188
327189
327206
327215
327228
327231
327240
327244
327250
327266
327273
327277
327278
327285
327293
327296
327302
327306
327319
327330
327331
327335
327354
327375
327380
327398
327400
327411
327412
327424
327426
327452
327457
327464
327470
327489
327490
327498
327501
327510
327511
327531
327538
327542
327559
327568
327581
327584
327585
327586
327593
327596
327601
327605
327615
327617
327620
327623
327636
327659
327670
327672
327674
327716
327735
327758
327777
327779
327794
327801
327804
327814
327823
327833
327842
327871
327876
327886
327906
327912
327921
327922
327927
327928
327932
327939
327947
327970
327984
327991
328004
328010
328012
328016
328017
328018
328023
328050
328052
328064
328070
328075
328080
328094
328105
328107
328137
328138
328146
328165
328182
328208
328225
328248
328250
328257
328262
328271
328277
328293
328305
328306
328315
328320
328335
328339
328348
328349
328353
328356
328357
328362
328371
328386
328391
328392
328393
328415
328420
328423
328435
328437
328442
328452
328475
328502
328527
328530
328537
328543
328544
328554
328562
328563
328567
328575
328576
328580
328586
328598
328616
328630
328649
328651
328652
328659
328660
328661
328662
328679
328687
328696
328713
328752
328757
328772
328778
328779
328799
328806
328818
328827
328834
328840
328846
328856
328859
328875
328877
328880
328883
328884
328906
328907
328919
328927
328940
328963
328970
328991
328998
329001
329003
329011
329013
329019
329020
329032
329039
329042
329047
329056
329063
329084
329115
329135
329142
329143
329144
329226
329231
329247
329249
329272
329273
329289
329308
329311
329313
329321
329322
329325
329343
329360
329361
329367
329395
329406
329407
329409
329416
329418
329428
329448
329481
329487
329488
329511
329552
329569
329610
329613
329625
329637
329654
329671
329680
329682
329684
329690
329705
329753
329755
329758
329773
329775
329779
329781
329794
329804
329822
329834
329857
329884
329885
329901
329915
329916
329924
329931
329937
329940
329941
329962
329980
330023
330033
330034
330036
330038
330053
330070
330072
330073
330076
330083
330085
330105
330118
330127
330153
330165
330167
330170
330173
330181
330186
330187
330204
330212
330218
330248
330289
330290
330291
330293
330322
330330
330336
330343
330350
330362
330367
330382
330395
330425
330450
330451
330454
330455
330456
330466
330480
330521
330523
330534
330537
330561
330565
330574
330582
330596
330599
330604
330614
330620
330623
330626
330627
330644
330652
330656
330667
330694
330716
330731
330742
330791
330793
330814
330820
330833
330846
330851
330859
330871
330872
330874
330876
330877
330887
330889
330890
330892
330894
330902
330914
330925
330928
330931
330943
330960
330966
330972
330973
330987
331014
331017
331022
331044
331045
331047
331050
331065
331068
331077
331092
331097
331109
331120
331121
331127
331133
331139
331148
331158
331162
331163
331171
331175
331176
331183
331189
331200
331205
331211
331222
331230
331236
331241
331273
331280
331284
331286
331287
331297
331299
331300
331303
331318
331330
331341
331343
331351
331356
331360
331371
331378
331403
331421
331425
331430
331435
331446
331454
331458
331463
331470
331480
331488
331500
331548
331551
331558
331560
331562
331563
331564
331579
331582
331584
331590
331601
331608
331618
331632
331658
331669
331672
331673
331680
331696
331715
331719
331720
331727
331728
331739
331751
331768
331772
331773
331775
331781
331784
331787
331788
331789
331795
331804
331825
331826
331827
331840
331850
331853
331855
331866
331867
331876
331877
331887
331891
331908
331934
331943
331944
331949
331967
331968
331970
331986
332001
332011
332017
332024
332043
332046
332047
332056
332081
332108
332113
332128
332144
332169
332171
332176
332184
332188
332191
332192
332225
332227
332232
332235
332236
332238
332239
332240
332246
332247
332264
332269
332271
332273
332279
332281
332284
332292
332304
332305
332307
332318
332323
332332
332344
332349
332354
332363
332366
332370
332383
332398
332400
332410
332420
332453
332460
332464
332482
332499
332500
332505
332518
332527
332532
332534
332535
332537
332559
332560
332568
332573
332574
332584
332594
332595
332612
332615
332617
332618
332628
332640
332646
332655
332662
332663
332664
332665
332672
332688
332690
332697
332720
332726
332734
332735
332736
332747
332754
332761
332782
332786
332789
332790
332816
332819
332820
332823
332832
332845
332853
332888
332890
332893
332901
332917
332920
332927
332935
332968
332971
332977
332984
332994
333004
333033
333046
333051
333057
333064
333077
333105
333113
333117
333119
333142
333143
333162
333167
333168
333170
333201
333211
333215
333226
333232
333235
333246
333250
333251
333256
333260
333264
333269
333271
333280
333283
333293
333299
333300
333304
333305
333337
333339
333342
333343
333351
333357
333358
333369
333374
333381
333387
333398
333404
333410
333420
333432
333433
333437
333449
333460
333462
333465
333471
333476
333477
333479
333485
333495
333497
333501
333506
333510
333518
333524
333544
333546
333550
333572
333578
333579
333595
333596
333597
333598
333606
333635
333637
333645
333673
333680
333696
333701
333704
333716
333719
333735
333737
333738
333739
333786
333787
333800
333803
333806
333810
333812
333816
333819
333827
333830
333832
333878
333883
333884
333913
333926
333927
333929
333931
333942
333947
333963
334004
334005
334012
334015
334022
334032
334044
334050
334051
334053
334062
334075
334086
334092
334093
334095
334113
334116
334124
334140
334159
334163
334165
334167
334189
334197
334200
334201
334205
334208
334220
334233
334240
334244
334265
334271
334286
334302
334326
334337
334343
334348
334378
334395
334405
334418
334420
334421
334449
334461
334469
334476
334483
334484
334497
334502
334504
334516
334517
334518
334527
334530
334533
334542
334547
334553
334557
334570
334572
334578
334594
334598
334603
334607
334608
334627
334629
334634
334635
334646
334649
334662
334668
334695
334725
334729
334738
334743
334744
334745
334747
334749
334767
334775
334789
334816
334839
334841
334843
334856
334864
334866
334869
334894
334926
334944
334948
334955
334992
334995
335012
335020
335028
335034
335035
335054
335061
335065
335076
335095
335102
335108
335110
335117
335128
335135
335139
335144
335146
335154
335157
335176
335195
335218
335223
335224
335226
335233
335235
335236
335259
335282
335283
335289
335293
335313
335349
335363
335371
335376
335389
335390
335397
335400
335411
335414
335417
335439
335456
335461
335470
335472
335474
335483
335495
335505
335506
335511
335521
335525
335544
335549
335550
335552
335559
335594
335598
335602
335610
335617
335624
335635
335645
335651
335653
335674
335675
335676
335682
335686
335690
335698
335705
335706
335710
335726
335736
335744
335747
335759
335764
335766
335769
335773
335777
335780
335782
335783
335829
335830
335844
335845
335846
335848
335868
335873
335876
335882
335883
335885
335892
335923
335931
335933
335937
335945
335951
335961
335967
336002
336007
336010
336013
336015
336023
336033
336037
336042
336044
336045
336072
336080
336090
336095
336098
336100
336101
336105
336124
336125
336126
336128
336129
336137
336147
336151
336155
336175
336181
336188
336191
336193
336198
336202
336207
336211
336214
336215
336223
336224
336251
336256
336273
336285
336290
336307
336311
336335
336342
336344
336351
336352
336353
336357
336358
336364
336387
336391
336395
336409
336431
336449
336480
336511
336525
336537
336541
336542
336549
336559
336566
336567
336573
336585
336603
336610
336617
336619
336623
336629
336631
336636
336637
336642
336646
336658
336696
336705
336726
336734
336740
336762
336780
336785
336790
336793
336822
336838
336840
336846
336848
336851
336853
336859
336860
336868
336873
336880
336887
336899
336906
336917
336947
336971
336975
336985
336996
336998
336999
337001
337002
337006
337008
337009
337011
337038
337045
337057
337065
337066
337069
337072
337073
337075
337080
337082
337084
337088
337092
337096
337102
337103
337110
337115
337138
337140
337147
337150
337152
337154
337162
337168
337171
337188
337194
337195
337196
337199
337214
337216
337217
337234
337252
337253
337264
337273
337274
337303
337321
337322
337323
337329
337337
337341
337370
337374
337379
337380
337408
337415
337424
337434
337436
337444
337458
337466
337488
337490
337502
337505
337510
337514
337530
337536
337537
337541
337553
337556
337564
337567
337569
337570
337581
337590
337598
337604
337611
337613
337619
337627
337652
337663
337664
337681
337688
337715
337717
337721
337727
337751
337752
337767
337790
337793
337794
337796
337799
337801
337839
337841
337843
337862
337863
337874
337890
337905
337917
337925
337926
337937
337943
337952
337960
337962
337970
337976
337977
337984
338007
338010
338013
338035
338040
338048
338084
338111
338122
338139
338152
338155
338173
338182
338196
338205
338214
338233
338252
338255
338256
338257
338261
338262
338269
338272
338281
338282
338287
338294
338296
338298
338308
338321
338325
338326
338328
338334
338335
338339
338352
338353
338373
338392
338394
338396
338401
338411
338412
338422
338428
338434
338437
338441
338449
338464
338476
338481
338498
338551
338552
338553
338563
338574
338614
338620
338622
338649
338655
338657
338661
338668
338679
338709
338710
338720
338751
338758
338769
338772
338781
338793
338838
338887
338888
338900
338901
338908
338932
338945
338958
338971
338977
338989
338994
339014
339016
339029
339044
339045
339051
339053
339056
339061
339067
339094
339104
339124
339128
339139
339143
339157
339167
339180
339182
339203
339206
339212
339215
339216
339237
339252
339257
339309
339321
339323
339326
339335
339361
339379
339385
339388
339412
339413
339421
339426
339430
339436
339437
339456
339462
339464
339470
339484
339486
339490
339493
339503
339524
339560
339563
339570
339597
339604
339605
339611
339616
339621
339626
339630
339639
339644
339673
339702
339712
339731
339772
339794
339796
339816
339827
339846
339848
339856
339863
339879
339880
339892
339907
339920
339922
339923
339930
339939
339954
339959
339964
339970
339975
339976
340000
340001
340010
340011
340013
340014
340026
340038
340062
340064
340076
340087
340106
340133
340137
340138
340157
340163
340165
340206
340212
340226
340230
340249
340251
340254
340259
340260
340262
340271
340276
340296
340302
340304
340305
340310
340318
340343
340358
340360
340384
340397
340400
340429
340439
340442
340454
340466
340474
340485
340491
340492
340499
340512
340526
340545
340554
340569
340585
340587
340588
340594
340596
340597
340598
340604
340605
340608
340634
340642
340653
340655
340664
340668
340671
340683
340692
340695
340699
340721
340730
340738
340741
340745
340756
340775
340781
340793
340835
340837
340848
340854
340878
340881
340915
340941
340948
340949
340979
340991
340995
341001
341002
341014
341015
341017
341028
341045
341050
341051
341052
341055
341057
341070
341075
341113
341116
341145
341157
341170
341171
341174
341183
341207
341214
341221
341224
341249
341272
341283
341292
341322
341328
341375
341388
341403
341423
341451
341456
341461
341464
341466
341469
341478
341480
341484
341491
341515
341527
341529
341545
341546
341549
341565
341566
341567
341575
341589
341592
341602
341627
341635
341644
341653
341656
341658
341678
341684
341686
341692
341694
341698
341706
341724
341748
341768
341792
341834
341840
341844
341845
341852
341867
341878
341888
341894
341895
341904
341905
341911
341921
341923
341924
341932
341933
341944
341948
341952
341978
341983
341985
341988
341991
342004
342006
342018
342019
342022
342027
342036
342076
342083
342104
342105
342122
342145
342150
342157
342183
342205
342208
342240
342242
342251
342256
342285
342296
342299
342317
342332
342336
342342
342349
342385
342392
342412
342413
342423
342438
342445
342454
342456
342463
342502
342503
342520
342521
342524
342529
342560
342568
342571
342572
342580
342584
342586
342594
342597
342599
342614
342616
342622
342623
342625
342644
342646
342651
342676
342677
342718
342739
342747
342750
342751
342756
342762
342774
342776
342786
342787
342789
342791
342803
342807
342819
342824
342852
342866
342885
342892
342897
342898
342911
342926
342927
342932
342936
342945
342946
342947
342952
342962
342971
342978
342984
342997
343005
343033
343035
343036
343042
343065
343069
343071
343073
343075
343079
343105
343126
343141
343149
343152
343153
343160
343179
343190
343218
343242
343252
343270
343275
343276
343280
343286
343287
343304
343306
343307
343321
343336
343339
343349
343352
343361
343362
343364
343372
343379
343400
343429
343443
343476
343477
343479
343480
343507
343508
343516
343517
343519
343538
343543
343549
343550
343552
343571
343576
343581
343588
343602
343626
343628
343643
343648
343657
343662
343663
343667
343669
343674
343683
343694
343698
343699
343716
343727
343728
343729
343731
343739
343742
343757
343759
343763
343771
343773
343778
343788
343799
343800
343810
343811
343812
343825
343832
343840
343842
343843
343851
343855
343860
343879
343885
343898
343903
343906
343921
343926
343928
343930
343954
343957
343960
343961
343973
343993
344002
344018
344022
344036
344038
344039
344053
344060
344074
344077
344079
344080
344085
344091
344092
344097
344109
344118
344129
344152
344160
344161
344162
344168
344177
344200
344213
344214
344218
344222
344223
344230
344237
344245
344253
344258
344263
344275
344276
344277
344283
344297
344319
344329
344341
344343
344350
344373
344414
344435
344445
344446
344465
344491
344493
344507
344512
344520
344521
344528
344530
344540
344541
344544
344551
344587
344598
344600
344602
344625
344627
344629
344636
344656
344662
344674
344683
344688
344697
344728
344730
344733
344737
344741
344769
344774
344776
344795
344801
344813
344834
344863
344868
344871
344877
344881
344887
344899
344906
344915
344943
344947
344957
344969
344971
344984
344985
344992
344996
344998
344999
345004
345016
345054
345060
345071
345081
345082
345099
345110
345115
345123
345154
345161
345169
345178
345182
345193
345194
345208
345213
345214
345221
345231
345249
345258
345259
345262
345274
345277
345282
345284
345287
345290
345317
345329
345366
345379
345394
345396
345397
345399
345409
345410
345412
345418
345422
345425
345444
345478
345479
345486
345492
345495
345506
345508
345514
345526
345543
345551
345554
345564
345569
345572
345578
345583
345585
345586
345592
345601
345603
345604
345608
345637
345638
345644
345664
345677
345692
345693
345697
345715
345751
345770
345774
345793
345794
345795
345821
345840
345841
345849
345850
345857
345859
345862
345873
345878
345885
345887
345894
345915
345927
345930
345931
345938
345959
345970
345975
345976
345977
346002
346007
346011
346016
346018
346019
346046
346051
346056
346079
346082
346084
346085
346090
346092
346098
346104
346105
346109
346112
346114
346120
346132
346136
346141
346154
346156
346170
346185
346190
346206
346207
346208
346209
346211
346219
346221
346229
346244
346248
346254
346255
346299
346301
346325
346330
346332
346339
346340
346344
346369
346379
346382
346394
346400
346411
346434
346436
346438
346449
346454
346467
346480
346493
346494
346495
346504
346511
346513
346521
346533
346538
346543
346549
346555
346557
346577
346582
346591
346609
346625
346631
346641
346648
346670
346702
346721
346760
346779
346785
346814
346816
346819
346847
346865
346871
346887
346898
346906
346914
346927
346959
346966
346969
346978
346988
347010
347041
347045
347050
347054
347055
347060
347086
347095
347096
347119
347131
347136
347159
347170
347178
347188
347208
347211
347215
347219
347222
347224
347236
347246
347262
347266
347268
347272
347273
347314
347316
347317
347330
347352
347357
347358
347361
347367
347373
347375
347382
347392
347394
347396
347408
347410
347422
347438
347461
347462
347464
347465
347483
347488
347499
347527
347528
347532
347546
347559
347561
347562
347572
347611
347630
347637
347643
347644
347652
347663
347667
347673
347676
347692
347696
347720
347721
347730
347735
347744
347746
347751
347752
347763
347765
347766
347778
347809
347815
347823
347825
347827
347850
347861
347871
347875
347881
347891
347894
347902
347907
347915
347916
347922
347924
347926
347930
347931
347934
347935
347936
347947
347961
347962
347964
347972
347973
347974
347980
347999
348004
348013
348024
348040
348047
348063
348081
348090
348093
348097
348099
348102
348109
348111
348115
348120
348139
348158
348175
348177
348178
348182
348193
348197
348199
348201
348206
348212
348216
348222
348226
348228
348244
348245
348250
348265
348286
348291
348292
348293
348328
348330
348338
348348
348352
348367
348369
348377
348382
348419
348421
348429
348430
348441
348443
348449
348454
348460
348461
348469
348470
348472
348473
348474
348492
348501
348504
348507
348516
348542
348553
348566
348584
348585
348590
348592
348596
348605
348633
348643
348674
348697
348698
348700
348705
348706
348722
348727
348734
348741
348751
348757
348775
348780
348782
348793
348797
348805
348820
348824
348837
348838
348841
348842
348859
348883
348900
348905
348909
348922
348923
348942
348943
348956
348967
348970
348986
348987
348991
348998
349001
349029
349032
349035
349043
349045
349047
349054
349057
349072
349096
349097
349098
349104
349112
349113
349122
349152
349162
349171
349172
349174
349176
349204
349220
349235
349246
349255
349290
349299
349313
349327
349330
349333
349353
349393
349395
349396
349398
349409
349422
349439
349447
349449
349450
349473
349475
349477
349485
349488
349506
349512
349518
349523
349533
349559
349562
349585
349586
349608
349613
349631
349649
349662
349663
349666
349671
349689
349698
349701
349736
349738
349741
349742
349743
349744
349763
349765
349781
349789
349795
349801
349814
349857
349866
349902
349925
349934
349939
349945
349955
349957
349958
349975
349985
349992
349998
350014
350015
350036
350037
350052
350054
350062
350069
350071
350073
350083
350089
350096
350098
350111
350126
350129
350131
350135
350152
350154
350174
350185
350187
350190
350191
350202
350206
350215
350224
350241
350275
350289
350297
350304
350305
350315
350321
350339
350345
350346
350347
350349
350350
350354
350365
350370
350383
350395
350397
350401
350412
350413
350423
350433
350442
350472
350486
350529
350530
350540
350547
350550
350553
350555
350557
350560
350562
350564
350567
350588
350603
350604
350606
350619
350638
350640
350645
350661
350669
350675
350678
350679
350681
350689
350697
350705
350709
350711
350735
350737
350742
350749
350773
350776
350778
350787
350791
350792
350806
350813
350820
350825
350836
350852
350886
350888
350892
350893
350918
350920
350928
350934
350943
350948
350950
350953
350955
350959
350971
350981
350983
350984
351011
351012
351025
351029
351045
351057
351070
351071
351076
351081
351089
351094
351102
351125
351128
351133
351136
351143
351163
351170
351172
351180
351196
351205
351226
351238
351242
351263
351264
351269
351282
351284
351303
351304
351317
351339
351341
351351
351353
351359
351365
351377
351379
351380
351403
351404
351416
351424
351440
351442
351458
351490
351508
351511
351515
351550
351556
351568
351571
351625
351631
351651
351658
351665
351669
351678
351679
351735
351736
351739
351741
351743
351748
351749
351757
351762
351765
351766
351768
351770
351772
351778
351783
351793
351801
351803
351818
351822
351823
351824
351833
351845
351863
351864
351865
351868
351895
351901
351926
351939
351946
351955
351957
351959
351963
351966
351982
351989
352004
352020
352030
352040
352055
352063
352065
352077
352096
352098
352099
352103
352107
352110
352112
352123
352126
352139
352140
352155
352159
352166
352167
352183
352184
352203
352221
352235
352243
352257
352265
352267
352279
352288
352292
352300
352305
352314
352334
352336
352343
352352
352367
352390
352397
352398
352409
352419
352421
352422
352447
352450
352467
352470
352478
352480
352483
352493
352495
352516
352527
352529
352532
352540
352541
352544
352545
352548
352549
352552
352558
352562
352563
352568
352570
352577
352579
352584
352594
352596
352597
352598
352599
352601
352602
352608
352628
352638
352675
352676
352678
352686
352696
352704
352705
352707
352708
352712
352713
352715
352716
352725
352731
352736
352756
352760
352779
352783
352785
352793
352795
352804
352809
352817
352831
352835
352842
352843
352845
352849
352868
352873
352892
352896
352904
352910
352918
352920
352926
352927
352951
352952
352954
352955
352965
352974
352977
352992
352994
353006
353009
353011
353019
353037
353038
353041
353042
353043
353053
353060
353081
353093
353097
353101
353105
353116
353117
353124
353125
353135
353140
353151
353157
353170
353176
353182
353186
353187
353228
353248
353257
353266
353272
353274
353303
353309
353311
353314
353331
353336
353342
353344
353351
353354
353376
353377
353382
353384
353394
353395
353399
353407
353419
353421
353426
353429
353447
353450
353458
353466
353474
353477
353478
353484
353504
353533
353538
353549
353565
353569
353571
353581
353584
353599
353600
353606
353626
353630
353632
353638
353659
353663
353675
353680
353681
353682
353686
353688
353699
353705
353715
353722
353724
353727
353731
353732
353738
353740
353741
353742
353744
353746
353747
353750
353757
353759
353764
353774
353783
353789
353790
353792
353804
353810
353826
353862
353869
353871
353874
353890
353902
353908
353924
353931
353941
353950
353976
353977
353979
353981
353983
353993
353998
354001
354009
354026
354056
354061
354072
354082
354085
354096
354100
354112
354118
354134
354137
354142
354143
354150
354159
354165
354173
354177
354181
354184
354188
354202
354209
354218
354220
354229
354235
354261
354285
354293
354295
354303
354315
354335
354355
354373
354379
354383
354384
354388
354392
354420
354422
354444
354446
354467
354470
354505
354518
354527
354548
354574
354577
354598
354604
354625
354634
354636
354655
354656
354683
354692
354693
354701
354707
354714
354715
354731
354745
354749
354752
354753
354758
354761
354763
354766
354775
354784
354801
354809
354815
354830
354840
354842
354884
354897
354933
354935
354937
354942
354954
354974
354994
355000
355003
355022
355066
355067
355069
355086
355090
355099
355120
355123
355126
355128
355136
355166
355179
355183
355201
355235
355262
355277
355282
355289
355302
355307
355313
355314
355319
355344
355346
355355
355391
355401
355402
355404
355417
355442
355443
355480
355482
355483
355484
355498
355516
355536
355554
355573
355581
355585
355588
355589
355593
355594
355602
355611
355616
355619
355621
355639
355642
355647
355680
355686
355688
355690
355694
355709
355710
355723
355725
355762
355768
355770
355774
355792
355815
355818
355839
355855
355867
355886
355888
355923
355930
355937
355939
355956
355964
355976
355980
355989
356013
356022
356036
356037
356040
356041
356046
356057
356061
356063
356064
356065
356068
356069
356079
356082
356087
356094
356095
356096
356097
356098
356102
356115
356118
356120
356121
356150
356162
356164
356165
356170
356172
356175
356184
356200
356226
356233
356234
356235
356239
356240
356255
356256
356257
356264
356270
356274
356288
356290
356301
356321
356351
356367
356382
356396
356398
356399
356409
356410
356419
356420
356426
356438
356446
356466
356476
356483
356486
356487
356499
356500
356502
356512
356521
356525
356530
356549
356552
356561
356564
356585
356586
356594
356606
356608
356614
356626
356629
356651
356652
356659
356681
356687
356693
356724
356725
356728
356730
356733
356735
356740
356764
356772
356790
356793
356797
356801
356817
356824
356867
356869
356877
356900
356901
356902
356910
356920
356961
356968
356977
356985
356998
357002
357004
357047
357071
357077
357080
357110
357111
357113
357119
357127
357146
357149
357152
357163
357175
357192
357193
357212
357222
357227
357234
357239
357240
357248
357251
357256
357274
357278
357286
357298
357304
357308
357315
357317
357324
357325
357327
357336
357344
357370
357380
357390
357406
357415
357424
357433
357446
357458
357481
357490
357492
357499
357501
357515
357552
357562
357565
357568
357569
357576
357585
357589
357596
357603
357609
357615
357623
357624
357665
357671
357682
357684
357689
357690
357691
357694
357696
357698
357699
357705
357707
357757
357758
357762
357764
357780
357789
357792
357800
357802
357805
357811
357817
357829
357835
357871
357879
357893
357906
357911
357918
357920
357929
357931
357932
357944
357951
357956
357968
357969
357988
358039
358046
358052
358062
358063
358065
358067
358073
358075
358076
358078
358082
358108
358119
358128
358166
358188
358207
358213
358215
358217
358226
358246
358256
358260
358264
358295
358298
358305
358310
358324
358333
358341
358346
358353
358355
358357
358360
358362
358366
358367
358377
358378
358380
358382
358383
358399
358400
358401
358404
358409
358413
358422
358423
358424
358426
358434
358449
358462
358468
358479
358492
358493
358523
358532
358536
358537
358545
358547
358548
358552
358557
358582
358632
358635
358638
358642
358656
358670
358678
358680
358694
358696
358703
358739
358763
358772
358777
358789
358790
358797
358824
358826
358841
358899
358906
358908
358912
358919
358921
358932
358945
358946
358950
358966
358969
358975
358985
358986
358995
358999
359020
359030
359035
359036
359050
359060
359102
359104
359105
359108
359113
359141
359148
359158
359159
359161
359170
359171
359175
359180
359205
359206
359218
359230
359237
359238
359252
359258
359261
359289
359302
359304
359319
359338
359346
359364
359371
359389
359399
359402
359407
359416
359420
359423
359424
359425
359432
359435
359444
359461
359468
359484
359487
359492
359533
359534
359536
359542
359545
359549
359558
359578
359579
359582
359607
359613
359615
359622
359624
359626
359628
359632
359645
359646
359666
359674
359679
359683
359691
359696
359701
359714
359730
359731
359739
359740
359747
359754
359767
359777
359801
359823
359825
359828
359833
359836
359838
359841
359842
359845
359851
359852
359859
359862
359863
359882
359886
359888
359889
359908
359923
359924
359927
359937
359938
359948
359956
359957
359958
359968
359970
359971
359979
359982
359992
359993
359995
360012
360030
360035
360037
360074
360081
360084
360087
360098
360120
360123
360129
360145
360155
360159
360179
360184
360185
360199
360212
360215
360218
360235
360239
360249
360252
360274
360298
360307
360334
360336
360337
360351
360355
360356
360360
360363
360364
360373
360375
360376
360389
360398
360411
360431
360436
360439
360444
360454
360458
360484
360485
360502
360505
360518
360536
360544
360548
360551
360552
360553
360577
360601
360606
360611
360614
360624
360639
360654
360655
360656
360660
360667
360696
360700
360705
360713
360735
360738
360739
360745
360773
360774
360776
360781
360799
360800
360811
360814
360815
360828
360843
360852
360853
360860
360880
360888
360904
360914
360924
360929
360936
360946
360971
360979
360983
361006
361009
361010
361013
361027
361036
361038
361047
361049
361075
361079
361083
361097
361098
361099
361100
361120
361136
361147
361199
361202
361219
361221
361226
361234
361238
361251
361257
361265
361266
361267
361290
361293
361314
361317
361321
361323
361327
361340
361342
361343
361345
361346
361348
361349
361350
361352
361353
361357
361363
361367
361388
361406
361412
361419
361420
361442
361444
361453
361460
361464
361479
361481
361485
361489
361490
361493
361511
361512
361522
361537
361559
361562
361568
361575
361578
361589
361599
361609
361610
361617
361621
361632
361648
361654
361658
361662
361663
361665
361668
361669
361675
361683
361694
361697
361698
361722
361740
361747
361748
361754
361775
361789
361796
361801
361813
361815
361816
361818
361831
361835
361850
361851
361858
361896
361910
361939
361942
361952
361980
361982
361985
361994
361997
362001
362005
362006
362033
362034
362050
362053
362066
362080
362082
362112
362125
362129
362133
362138
362174
362179
362180
362181
362196
362208
362223
362238
362266
362272
362283
362295
362298
362305
362334
362344
362345
362349
362350
362351
362365
362369
362403
362407
362417
362419
362442
362448
362451
362455
362456
362459
362497
362503
362513
362524
362528
362530
362554
362576
362582
362594
362599
362603
362604
362619
362639
362640
362644
362645
362666
362667
362674
362676
362686
362697
362702
362703
362710
362714
362725
362743
362747
362748
362776
362779
362813
362814
362816
362823
362837
362838
362850
362863
362864
362869
362882
362899
362901
362911
362933
362943
362950
362966
362967
362973
363001
363012
363013
363020
363024
363025
363040
363046
363055
363064
363066
363069
363074
363078
363079
363081
363087
363101
363102
363120
363121
363126
363127
363128
363130
363152
363153
363155
363156
363178
363184
363192
363206
363222
363227
363288
363296
363299
363301
363307
363312
363328
363339
363347
363355
363359
363360
363361
363364
363365
363381
363409
363416
363418
363435
363446
363450
363452
363453
363456
363476
363482
363530
363537
363541
363546
363553
363568
363582
363592
363607
363619
363621
363626
363642
363643
363665
363669
363670
363674
363681
363685
363689
363699
363711
363726
363728
363744
363745
363749
363771
363775
363795
363796
363861
363868
363880
363895
363921
363941
363946
363971
364002
364031
364040
364042
364046
364057
364070
364072
364079
364094
364109
364110
364114
364125
364130
364131
364141
364146
364148
364151
364169
364171
364174
364181
364185
364200
364204
364205
364213
364216
364217
364231
364233
364234
364236
364248
364250
364252
364254
364276
364303
364306
364309
364319
364331
364337
364375
364379
364381
364382
364395
364399
364405
364434
364436
364442
364444
364451
364454
364457
364458
364461
364462
364463
364471
364477
364482
364485
364486
364489
364491
364496
364499
364503
364509
364514
364515
364549
364554
364576
364579
364583
364589
364601
364619
364640
364641
364653
364675
364684
364691
364699
364714
364787
364788
364795
364817
364838
364844
364853
364856
364858
364859
364880
364895
364904
364914
364924
364926
364932
364933
364936
364949
364950
364955
364957
364959
364969
364986
364995
365001
365010
365039
365040
365050
365062
365065
365066
365067
365086
365088
365099
365100
365104
365112
365123
365176
365178
365185
365190
365207
365214
365219
365223
365225
365227
365235
365262
365278
365284
365288
365292
365293
365299
365301
365315
365317
365323
365342
365346
365351
365355
365366
365372
365375
365380
365390
365394
365395
365410
365412
365413
365414
365433
365442
365465
365475
365478
365484
365485
365517
365535
365541
365544
365550
365566
365572
365580
365587
365591
365605
365612
365616
365626
365629
365632
365633
365639
365650
365670
365672
365673
365682
365689
365698
365700
365701
365705
365709
365714
365718
365720
365742
365746
365756
365761
365763
365764
365766
365806
365811
365836
365848
365853
365861
365879
365884
365888
365890
365907
365908
365909
365910
365916
365936
365937
365946
365963
365968
365990
365993
365995
366018
366020
366036
366039
366044
366063
366071
366076
366081
366089
366107
366121
366127
366130
366131
366135
366144
366147
366153
366164
366169
366178
366184
366204
366206
366207
366211
366212
366213
366230
366232
366235
366241
366258
366259
366268
366285
366290
366293
366298
366304
366307
366309
366312
366321
366322
366328
366329
366332
366346
366349
366358
366359
366363
366365
366384
366386
366411
366426
366427
366431
366432
366455
366460
366463
366466
366477
366478
366479
366488
366496
366498
366502
366507
366510
366518
366530
366535
366536
366553
366558
366559
366568
366569
366583
366584
366591
366592
366595
366609
366619
366645
366646
366649
366677
366681
366682
366688
366696
366698
366699
366701
366726
366751
366756
366759
366763
366768
366772
366775
366784
366785
366788
366798
366812
366815
366829
366843
366846
366848
366855
366863
366894
366911
366915
366918
366920
366960
366961
366966
366973
366988
367030
367037
367041
367046
367050
367054
367061
367065
367067
367068
367081
367097
367108
367156
367157
367165
367173
367195
367204
367223
367231
367233
367240
367241
367259
367260
367272
367310
367315
367339
367340
367355
367358
367361
367364
367367
367370
367387
367391
367394
367396
367397
367433
367442
367443
367468
367475
367488
367489
367490
367497
367498
367518
367554
367562
367566
367570
367572
367589
367598
367603
367616
367649
367652
367670
367700
367711
367712
367722
367745
367749
367810
367815
367817
367834
367844
367845
367850
367871
367872
367877
367884
367886
367914
367932
367963
367968
367969
367979
367988
368005
368013
368016
368017
368022
368023
368032
368036
368041
368053
368062
368065
368069
368082
368087
368094
368105
368113
368120
368127
368147
368157
368179
368183
368188
368203
368228
368272
368283
368309
368315
368326
368331
368334
368353
368367
368379
368384
368386
368391
368399
368401
368402
368403
368406
368407
368416
368422
368437
368475
368478
368484
368501
368511
368514
368579
368580
368588
368589
368605
368608
368626
368629
368633
368637
368656
368659
368661
368666
368667
368668
368678
368681
368683
368694
368719
368729
368754
368757
368776
368782
368789
368832
368841
368842
368844
368859
368866
368895
368905
368924
368926
368932
368938
368940
368947
368956
368963
368980
368988
368995
369020
369040
369042
369060
369072
369082
369088
369094
369095
369116
369123
369129
369144
369151
369152
369209
369215
369292
369293
369301
369319
369332
369338
369353
369365
369376
369395
369396
369398
369401
369405
369407
369420
369444
369457
369462
369464
369466
369479
369504
369505
369508
369511
369519
369531
369533
369550
369555
369556
369560
369564
369580
369591
369609
369641
369651
369653
369659
369665
369667
369669
369670
369676
369681
369688
369692
369693
369701
369731
369758
369764
369771
369775
369780
369785
369796
369804
369811
369821
369831
369835
369842
369854
369860
369866
369873
369874
369875
369888
369899
369900
369904
369911
369914
369915
369919
369920
369921
369934
369935
369944
369946
369947
369949
369954
369968
369976
369977
369983
370013
370014
370022
370030
370032
370033
370034
370058
370084
370089
370095
370103
370107
370109
370117
370133
370144
370151
370155
370157
370169
370176
370184
370185
370187
370206
370207
370214
370218
370227
370238
370243
370246
370251
370291
370295
370299
370322
370332
370334
370335
370348
370367
370375
370393
370412
370421
370426
370430
370438
370450
370453
370466
370467
370472
370475
370521
370524
370525
370528
370530
370532
370539
370545
370560
370566
370573
370576
370577
370590
370597
370604
370618
370623
370624
370625
370626
370635
370636
370645
370667
370679
370680
370687
370696
370698
370705
370712
370746
370774
370783
370788
370791
370800
370842
370870
370873
370915
370917
370928
370930
370933
370934
370936
370944
370952
370968
370969
370983
370986
371021
371023
371032
371035
371044
371060
371063
371079
371084
371086
371092
371099
371102
371112
371115
371129
371149
371155
371165
371173
371177
371178
371181
371184
371186
371197
371200
371201
371203
371215
371234
371236
371260
371265
371273
371275
371289
371326
371330
371331
371349
371365
371394
371402
371413
371430
371448
371449
371455
371456
371483
371487
371491
371501
371504
371510
371517
371527
371533
371543
371544
371545
371552
371564
371584
371607
371628
371630
371643
371653
371656
371663
371664
371683
371685
371697
371700
371706
371713
371718
371719
371724
371745
371771
371789
371795
371796
371806
371818
371822
371825
371828
371832
371838
371843
371886
371897
371900
371903
371908
371913
371936
371942
371957
371968
371991
372026
372028
372029
372051
372056
372076
372095
372110
372115
372137
372138
372148
372178
372179
372186
372202
372215
372234
372261
372266
372268
372271
372272
372275
372297
372308
372322
372323
372338
372391
372392
372401
372409
372436
372437
372438
372441
372457
372459
372468
372470
372480
372533
372534
372537
372563
372620
372629
372634
372643
372644
372654
372661
372668
372669
372670
372675
372713
372716
372718
372719
372720
372721
372726
372741
372746
372755
372778
372795
372801
372834
372846
372849
372860
372884
372886
372889
372895
372906
372909
372950
372958
372961
372985
373004
373006
373050
373100
373102
373106
373121
373125
373127
373139
373147
373149
373169
373175
373181
373187
373223
373241
373271
373275
373303
373310
373320
373350
373357
373377
373417
373419
373426
373431
373443
373451
373452
373458
373463
373467
373471
373472
373473
373475
373485
373486
373490
373495
373501
373505
373511
373520
373528
373547
373548
373555
373563
373569
373576
373580
373588
373599
373601
373602
373608
373626
373629
373666
373702
373726
373728
373729
373730
373735
373739
373768
373778
373822
373835
373841
373848
373850
373862
373877
373878
373912
373917
373918
373920
373921
373925
373926
373935
373956
373967
373968
373986
373987
373988
373991
373998
373999
374011
374026
374033
374035
374042
374043
374087
374096
374112
374120
374122
374124
374126
374154
374156
374170
374172
374175
374197
374204
374223
374230
374233
374234
374237
374238
374240
374243
374245
374249
374253
374255
374259
374260
374261
374262
374265
374269
374276
374283
374286
374289
374291
374292
374296
374304
374316
374320
374326
374340
374341
374373
374377
374399
374426
374428
374449
374467
374482
374499
374519
374520
374526
374527
374528
374531
374535
374550
374554
374558
374568
374581
374585
374597
374601
374605
374610
374613
374618
374620
374622
374626
374628
374643
374648
374660
374700
374748
374753
374758
374783
374791
374792
374824
374831
374852
374861
374868
374875
374887
374888
374899
374921
374923
374925
374929
374931
374947
374963
374981
374994
375024
375027
375028
375048
375053
375060
375062
375083
375106
375113
375116
375117
375119
375151
375156
375175
375188
375202
375205
375212
375213
375214
375217
375221
375222
375224
375229
375233
375236
375248
375251
375262
375266
375272
375274
375277
375283
375286
375287
375292
375320
375325
375332
375337
375344
375353
375361
375367
375373
375382
375384
375399
375404
375415
375422
375430
375439
375448
375451
375456
375457
375464
375488
375531
375533
375535
375560
375569
375581
375597
375612
375613
375631
375636
375645
375646
375656
375659
375661
375665
375676
375682
375683
375690
375694
375697
375700
375705
375755
375757
375758
375771
375773
375779
375808
375811
375820
375824
375851
375856
